{
  "cropHintsAnnotation": {
    "cropHints": [
      {
        "boundingPoly": {
          "vertices": [
            {
              "x": 139
            },
            {
              "x": 886
            },
            {
              "x": 886,
              "y": 932
            },
            {
              "x": 139,
              "y": 932
            }
          ]
        },
        "confidence": 0.6408691,
        "importanceFraction": 1
      },
      {
        "boundingPoly": {
          "vertices": [
            {},
            {
              "x": 932
            },
            {
              "x": 932,
              "y": 932
            },
            {
              "y": 932
            }
          ]
        },
        "confidence": 0.5126953,
        "importanceFraction": 1
      },
      {
        "boundingPoly": {
          "vertices": [
            {
              "y": 77
            },
            {
              "x": 932,
              "y": 77
            },
            {
              "x": 932,
              "y": 855
            },
            {
              "y": 855
            }
          ]
        },
        "confidence": 0.61523443,
        "importanceFraction": 1
      }
    ]
  },
  "fullTextAnnotation": {
    "pages": [
      {
        "blocks": [
          {
            "blockType": "TEXT",
            "boundingBox": {
              "vertices": [
                {
                  "x": 115,
                  "y": 128
                },
                {
                  "x": 459,
                  "y": 139
                },
                {
                  "x": 455,
                  "y": 250
                },
                {
                  "x": 112,
                  "y": 239
                }
              ]
            },
            "confidence": 0.98,
            "paragraphs": [
              {
                "boundingBox": {
                  "vertices": [
                    {
                      "x": 115,
                      "y": 128
                    },
                    {
                      "x": 459,
                      "y": 139
                    },
                    {
                      "x": 455,
                      "y": 250
                    },
                    {
                      "x": 112,
                      "y": 239
                    }
                  ]
                },
                "confidence": 0.98,
                "property": {
                  "detectedLanguages": [
                    {
                      "confidence": 1,
                      "languageCode": "de"
                    }
                  ]
                },
                "words": [
                  {
                    "boundingBox": {
                      "vertices": [
                        {
                          "x": 115,
                          "y": 128
                        },
                        {
                          "x": 215,
                          "y": 131
                        },
                        {
                          "x": 211,
                          "y": 242
                        },
                        {
                          "x": 112,
                          "y": 239
                        }
                      ]
                    },
                    "confidence": 0.98,
                    "property": {
                      "detectedLanguages": [
                        {
                          "languageCode": "de"
                        }
                      ]
                    },
                    "symbols": [
                      {
                        "boundingBox": {
                          "vertices": [
                            {
                              "x": 115,
                              "y": 128
                            },
                            {
                              "x": 126,
                              "y": 128
                            },
                            {
                              "x": 123,
                              "y": 239
                            },
                            {
                              "x": 112,
                              "y": 239
                            }
                          ]
                        },
                        "confidence": 0.99,
                        "property": {
                          "detectedLanguages": [
                            {
                              "languageCode": "de"
                            }
                          ]
                        },
                        "text": "i"
                      },
                      {
                        "boundingBox": {
                          "vertices": [
                            {
                              "x": 140,
                              "y": 129
                            },
                            {
                              "x": 215,
                              "y": 131
                            },
                            {
                              "x": 211,
                              "y": 242
                            },
                            {
                              "x": 137,
                              "y": 240
                            }
                          ]
                        },
                        "confidence": 0.98,
                        "property": {
                          "detectedBreak": {
                            "type": "SPACE"
                          },
                          "detectedLanguages": [
                            {
                              "languageCode": "de"
                            }
                          ]
                        },
                        "text": "m"
                      }
                    ]
                  },
                  {
                    "boundingBox": {
                      "vertices": [
                        {
                          "x": 251,
                          "y": 132
                        },
                        {
                          "x": 459,
                          "y": 139
                        },
                        {
                          "x": 455,
                          "y": 249
                        },
                        {
                          "x": 248,
                          "y": 243
                        }
                      ]
                    },
                    "confidence": 0.98,
                    "property": {
                      "detectedLanguages": [
                        {
                          "languageCode": "de"
                        }
                      ]
                    },
                    "symbols": [
                      {
                        "boundingBox": {
                          "vertices": [
                            {
                              "x": 251,
                              "y": 132
                            },
                            {
                              "x": 298,
                              "y": 133
                            },
                            {
                              "x": 295,
                              "y": 244
                            },
                            {
                              "x": 248,
                              "y": 243
                            }
                          ]
                        },
                        "confidence": 0.98,
                        "property": {
                          "detectedLanguages": [
                            {
                              "languageCode": "de"
                            }
                          ]
                        },
                        "text": "b"
                      },
                      {
                        "boundingBox": {
                          "vertices": [
                            {
                              "x": 304,
                              "y": 134
                            },
                            {
                              "x": 351,
                              "y": 135
                            },
                            {
                              "x": 348,
                              "y": 246
                            },
                            {
                              "x": 301,
                              "y": 245
                            }
                          ]
                        },
                        "confidence": 0.98,
                        "property": {
                          "detectedLanguages": [
                            {
                              "languageCode": "de"
                            }
                          ]
                        },
                        "text": "a"
                      },
                      {
                        "boundingBox": {
                          "vertices": [
                            {
                              "x": 359,
                              "y": 135
                            },
                            {
                              "x": 406,
                              "y": 136
                            },
                            {
                              "x": 403,
                              "y": 247
                            },
                            {
                              "x": 356,
                              "y": 246
                            }
                          ]
                        },
                        "confidence": 0.98,
                        "property": {
                          "detectedLanguages": [
                            {
                              "languageCode": "de"
                            }
                          ]
                        },
                        "text": "b"
                      },
                      {
                        "boundingBox": {
                          "vertices": [
                            {
                              "x": 412,
                              "y": 137
                            },
                            {
                              "x": 459,
                              "y": 138
                            },
                            {
                              "x": 456,
                              "y": 249
                            },
                            {
                              "x": 409,
                              "y": 248
                            }
                          ]
                        },
                        "confidence": 0.98,
                        "property": {
                          "detectedBreak": {
                            "type": "LINE_BREAK"
                          },
                          "detectedLanguages": [
                            {
                              "languageCode": "de"
                            }
                          ]
                        },
                        "text": "y"
                      }
                    ]
                  }
                ]
              }
            ],
            "property": {
              "detectedLanguages": [
                {
                  "confidence": 1,
                  "languageCode": "de"
                }
              ]
            }
          },
          {
            "blockType": "TEXT",
            "boundingBox": {
              "vertices": [
                {
                  "x": 810,
                  "y": 888
                },
                {
                  "x": 911,
                  "y": 887
                },
                {
                  "x": 911,
                  "y": 907
                },
                {
                  "x": 810,
                  "y": 908
                }
              ]
            },
            "confidence": 0.98,
            "paragraphs": [
              {
                "boundingBox": {
                  "vertices": [
                    {
                      "x": 810,
                      "y": 888
                    },
                    {
                      "x": 911,
                      "y": 887
                    },
                    {
                      "x": 911,
                      "y": 907
                    },
                    {
                      "x": 810,
                      "y": 908
                    }
                  ]
                },
                "confidence": 0.98,
                "property": {
                  "detectedLanguages": [
                    {
                      "confidence": 1,
                      "languageCode": "tr"
                    }
                  ]
                },
                "words": [
                  {
                    "boundingBox": {
                      "vertices": [
                        {
                          "x": 810,
                          "y": 888
                        },
                        {
                          "x": 848,
                          "y": 888
                        },
                        {
                          "x": 848,
                          "y": 908
                        },
                        {
                          "x": 810,
                          "y": 908
                        }
                      ]
                    },
                    "confidence": 0.99,
                    "property": {
                      "detectedLanguages": [
                        {
                          "languageCode": "tr"
                        }
                      ]
                    },
                    "symbols": [
                      {
                        "boundingBox": {
                          "vertices": [
                            {
                              "x": 810,
                              "y": 889
                            },
                            {
                              "x": 827,
                              "y": 889
                            },
                            {
                              "x": 827,
                              "y": 908
                            },
                            {
                              "x": 810,
                              "y": 908
                            }
                          ]
                        },
                        "confidence": 0.99,
                        "property": {
                          "detectedLanguages": [
                            {
                              "languageCode": "tr"
                            }
                          ]
                        },
                        "text": "B"
                      },
                      {
                        "boundingBox": {
                          "vertices": [
                            {
                              "x": 832,
                              "y": 888
                            },
                            {
                              "x": 839,
                              "y": 888
                            },
                            {
                              "x": 839,
                              "y": 907
                            },
                            {
                              "x": 832,
                              "y": 907
                            }
                          ]
                        },
                        "confidence": 0.99,
                        "property": {
                          "detectedLanguages": [
                            {
                              "languageCode": "tr"
                            }
                          ]
                        },
                        "text": "e"
                      },
                      {
                        "boundingBox": {
                          "vertices": [
                            {
                              "x": 843,
                              "y": 888
                            },
                            {
                              "x": 848,
                              "y": 888
                            },
                            {
                              "x": 848,
                              "y": 907
                            },
                            {
                              "x": 843,
                              "y": 907
                            }
                          ]
                        },
                        "confidence": 0.99,
                        "property": {
                          "detectedLanguages": [
                            {
                              "languageCode": "tr"
                            }
                          ]
                        },
                        "text": "n"
                      }
                    ]
                  },
                  {
                    "boundingBox": {
                      "vertices": [
                        {
                          "x": 857,
                          "y": 888
                        },
                        {
                          "x": 862,
                          "y": 888
                        },
                        {
                          "x": 862,
                          "y": 907
                        },
                        {
                          "x": 857,
                          "y": 907
                        }
                      ]
                    },
                    "confidence": 0.97,
                    "property": {
                      "detectedLanguages": [
                        {
                          "languageCode": "tr"
                        }
                      ]
                    },
                    "symbols": [
                      {
                        "boundingBox": {
                          "vertices": [
                            {
                              "x": 857,
                              "y": 888
                            },
                            {
                              "x": 862,
                              "y": 888
                            },
                            {
                              "x": 862,
                              "y": 907
                            },
                            {
                              "x": 857,
                              "y": 907
                            }
                          ]
                        },
                        "confidence": 0.97,
                        "property": {
                          "detectedLanguages": [
                            {
                              "languageCode": "tr"
                            }
                          ]
                        },
                        "text": "-"
                      }
                    ]
                  },
                  {
                    "boundingBox": {
                      "vertices": [
                        {
                          "x": 864,
                          "y": 888
                        },
                        {
                          "x": 911,
                          "y": 888
                        },
                        {
                          "x": 911,
                          "y": 907
                        },
                        {
                          "x": 864,
                          "y": 907
                        }
                      ]
                    },
                    "confidence": 0.98,
                    "property": {
                      "detectedLanguages": [
                        {
                          "languageCode": "tr"
                        }
                      ]
                    },
                    "symbols": [
                      {
                        "boundingBox": {
                          "vertices": [
                            {
                              "x": 864,
                              "y": 888
                            },
                            {
                              "x": 875,
                              "y": 888
                            },
                            {
                              "x": 875,
                              "y": 907
                            },
                            {
                              "x": 864,
                              "y": 907
                            }
                          ]
                        },
                        "confidence": 0.98,
                        "property": {
                          "detectedLanguages": [
                            {
                              "languageCode": "tr"
                            }
                          ]
                        },
                        "text": "B"
                      },
                      {
                        "boundingBox": {
                          "vertices": [
                            {
                              "x": 881,
                              "y": 888
                            },
                            {
                              "x": 888,
                              "y": 888
                            },
                            {
                              "x": 888,
                              "y": 907
                            },
                            {
                              "x": 881,
                              "y": 907
                            }
                          ]
                        },
                        "confidence": 0.98,
                        "property": {
                          "detectedLanguages": [
                            {
                              "languageCode": "tr"
                            }
                          ]
                        },
                        "text": "e"
                      },
                      {
                        "boundingBox": {
                          "vertices": [
                            {
                              "x": 892,
                              "y": 888
                            },
                            {
                              "x": 897,
                              "y": 888
                            },
                            {
                              "x": 897,
                              "y": 907
                            },
                            {
                              "x": 892,
                              "y": 907
                            }
                          ]
                        },
                        "confidence": 0.99,
                        "property": {
                          "detectedLanguages": [
                            {
                              "languageCode": "tr"
                            }
                          ]
                        },
                        "text": "r"
                      },
                      {
                        "boundingBox": {
                          "vertices": [
                            {
                              "x": 900,
                              "y": 888
                            },
                            {
                              "x": 911,
                              "y": 888
                            },
                            {
                              "x": 911,
                              "y": 907
                            },
                            {
                              "x": 900,
                              "y": 907
                            }
                          ]
                        },
                        "confidence": 0.98,
                        "property": {
                          "detectedBreak": {
                            "type": "LINE_BREAK"
                          },
                          "detectedLanguages": [
                            {
                              "languageCode": "tr"
                            }
                          ]
                        },
                        "text": "k"
                      }
                    ]
                  }
                ]
              }
            ],
            "property": {
              "detectedLanguages": [
                {
                  "confidence": 1,
                  "languageCode": "tr"
                }
              ]
            }
          }
        ],
        "height": 933,
        "property": {
          "detectedLanguages": [
            {
              "confidence": 0.57,
              "languageCode": "tr"
            },
            {
              "confidence": 0.43,
              "languageCode": "de"
            }
          ]
        },
        "width": 933
      }
    ],
    "text": "im baby\nBen-Berk\n"
  },
  "imagePropertiesAnnotation": {
    "cropHints": [
      {
        "boundingPoly": {
          "vertices": [
            {
              "x": 139
            },
            {
              "x": 886
            },
            {
              "x": 886,
              "y": 932
            },
            {
              "x": 139,
              "y": 932
            }
          ]
        },
        "confidence": 0.6408691,
        "importanceFraction": 1
      },
      {
        "boundingPoly": {
          "vertices": [
            {},
            {
              "x": 932
            },
            {
              "x": 932,
              "y": 932
            },
            {
              "y": 932
            }
          ]
        },
        "confidence": 0.5126953,
        "importanceFraction": 1
      },
      {
        "boundingPoly": {
          "vertices": [
            {
              "y": 77
            },
            {
              "x": 932,
              "y": 77
            },
            {
              "x": 932,
              "y": 855
            },
            {
              "y": 855
            }
          ]
        },
        "confidence": 0.61523443,
        "importanceFraction": 1
      }
    ],
    "dominantColors": {
      "colors": [
        {
          "color": {
            "blue": 171,
            "green": 139,
            "red": 231
          },
          "hex": "E78BAB",
          "percent": 37.803410800752864,
          "percentRounded": 38,
          "pixelFraction": 0.12379102,
          "rgb": "231, 139,\n 171",
          "score": 0.3268357
        },
        {
          "color": {
            "blue": 253,
            "green": 252,
            "red": 253
          },
          "hex": "FDFCFD",
          "percent": 26.19098686825465,
          "percentRounded": 26,
          "pixelFraction": 0.515202,
          "rgb": "253, 252,\n 253",
          "score": 0.22643855
        },
        {
          "color": {
            "blue": 94,
            "green": 61,
            "red": 35
          },
          "hex": "233D5E",
          "percent": 3.5626040324668913,
          "percentRounded": 4,
          "pixelFraction": 0.030589106,
          "rgb": "35, 61,\n 94",
          "score": 0.030801088
        },
        {
          "color": {
            "blue": 51,
            "green": 26,
            "red": 102
          },
          "hex": "661A33",
          "percent": 1.444536442089396,
          "percentRounded": 1,
          "pixelFraction": 0.0045351475,
          "rgb": "102, 26,\n 51",
          "score": 0.012488981
        },
        {
          "color": {
            "blue": 198,
            "green": 167,
            "red": 90
          },
          "hex": "5AA7C6",
          "percent": 0.9766424073734505,
          "percentRounded": 1,
          "pixelFraction": 0.05687445,
          "rgb": "90, 167,\n 198",
          "score": 0.008443725
        },
        {
          "color": {
            "blue": 170,
            "green": 133,
            "red": 240
          },
          "hex": "F085AA",
          "percent": 20.493730637126447,
          "percentRounded": 20,
          "pixelFraction": 0.038826413,
          "rgb": "240, 133,\n 170",
          "score": 0.17718197
        },
        {
          "color": {
            "blue": 16,
            "green": 16,
            "red": 16
          },
          "hex": "101010",
          "percent": 0.07994463615568043,
          "percentRounded": 0,
          "pixelFraction": 0.003979823,
          "rgb": "16, 16,\n 16",
          "score": 0.0006911747
        },
        {
          "color": {
            "blue": 182,
            "green": 150,
            "red": 243
          },
          "hex": "F396B6",
          "percent": 3.9756785834103257,
          "percentRounded": 4,
          "pixelFraction": 0.006525059,
          "rgb": "243, 150,\n 182",
          "score": 0.034372393
        },
        {
          "color": {
            "blue": 135,
            "green": 87,
            "red": 209
          },
          "hex": "D15787",
          "percent": 3.1142431350606063,
          "percentRounded": 3,
          "pixelFraction": 0.0050441944,
          "rgb": "209, 87,\n 135",
          "score": 0.026924709
        },
        {
          "color": {
            "blue": 164,
            "green": 146,
            "red": 197
          },
          "hex": "C592A4",
          "percent": 2.3582224573096955,
          "percentRounded": 2,
          "pixelFraction": 0.002915452,
          "rgb": "197, 146,\n 164",
          "score": 0.020388406
        }
      ]
    }
  },
  "labelAnnotations": [
    {
      "description": "Gesture",
      "mid": "/m/0244x1",
      "score": 0.85260487,
      "topicality": 0.85260487
    },
    {
      "description": "Font",
      "mid": "/m/03gq5hm",
      "score": 0.8449323,
      "topicality": 0.8449323
    },
    {
      "description": "Happy",
      "mid": "/m/016pp7",
      "score": 0.83006674,
      "topicality": 0.83006674
    },
    {
      "description": "Rectangle",
      "mid": "/m/0j62f",
      "score": 0.81911075,
      "topicality": 0.81911075
    },
    {
      "description": "Office supplies",
      "mid": "/m/02rdsp",
      "score": 0.81001025,
      "topicality": 0.81001025
    },
    {
      "description": "Cartoon",
      "mid": "/m/0215n",
      "score": 0.8055301,
      "topicality": 0.8055301
    },
    {
      "description": "Art",
      "mid": "/m/0jjw",
      "score": 0.7790528,
      "topicality": 0.7790528
    },
    {
      "description": "Thumb",
      "mid": "/m/01bmhj",
      "score": 0.7558527,
      "topicality": 0.7558527
    },
    {
      "description": "Snout",
      "mid": "/m/05mqq3",
      "score": 0.7272437,
      "topicality": 0.7272437
    },
    {
      "description": "Magenta",
      "mid": "/m/0ckc5",
      "score": 0.69714,
      "topicality": 0.69714
    },
    {
      "description": "Illustration",
      "mid": "/m/01kr8f",
      "score": 0.691983,
      "topicality": 0.691983
    },
    {
      "description": "Domestic pig",
      "mid": "/m/078qb0",
      "score": 0.6602535,
      "topicality": 0.6602535
    },
    {
      "description": "Suidae",
      "mid": "/m/020bgr",
      "score": 0.65509224,
      "topicality": 0.65509224
    },
    {
      "description": "Paper product",
      "mid": "/m/0h8p59j",
      "score": 0.6478212,
      "topicality": 0.6478212
    },
    {
      "description": "Carmine",
      "mid": "/m/05t_yt",
      "score": 0.64086413,
      "topicality": 0.64086413
    },
    {
      "description": "Paper",
      "mid": "/m/0641k",
      "score": 0.6374986,
      "topicality": 0.6374986
    },
    {
      "description": "Drawing",
      "mid": "/m/02csf",
      "score": 0.62723315,
      "topicality": 0.62723315
    },
    {
      "description": "Graphics",
      "mid": "/m/021sdg",
      "score": 0.60733765,
      "topicality": 0.60733765
    },
    {
      "description": "Child art",
      "mid": "/m/06h5_j",
      "score": 0.5859303,
      "topicality": 0.5859303
    },
    {
      "description": "Stationery",
      "mid": "/m/01cndb",
      "score": 0.5847315,
      "topicality": 0.5847315
    },
    {
      "description": "Logo",
      "mid": "/m/0dwx7",
      "score": 0.5611805,
      "topicality": 0.5611805
    },
    {
      "description": "Circle",
      "mid": "/m/01vkl",
      "score": 0.55915713,
      "topicality": 0.55915713
    },
    {
      "description": "Animation",
      "mid": "/m/0hcr",
      "score": 0.55534416,
      "topicality": 0.55534416
    },
    {
      "description": "Writing",
      "mid": "/m/081rb",
      "score": 0.5386887,
      "topicality": 0.5386887
    },
    {
      "description": "Ink",
      "mid": "/m/03yhk",
      "score": 0.52883166,
      "topicality": 0.52883166
    },
    {
      "description": "Graphic design",
      "mid": "/m/03c31",
      "score": 0.5285065,
      "topicality": 0.5285065
    },
    {
      "description": "Clip art",
      "mid": "/m/03g09t",
      "score": 0.5254836,
      "topicality": 0.5254836
    },
    {
      "description": "Visual arts",
      "mid": "/m/0p9xx",
      "score": 0.51402617,
      "topicality": 0.51402617
    }
  ],
  "localizedObjectAnnotations": [
    {
      "boundingPoly": {
        "normalizedVertices": [
          {
            "x": 0.4748589,
            "y": 0.33417848
          },
          {
            "x": 0.99270725,
            "y": 0.33417848
          },
          {
            "x": 0.99270725,
            "y": 0.97318447
          },
          {
            "x": 0.4748589,
            "y": 0.97318447
          }
        ]
      },
      "mid": "/m/0jbk",
      "name": "Animal",
      "score": 0.7414071
    }
  ],
  "safeSearchAnnotation": {
    "adult": "VERY_UNLIKELY",
    "medical": "UNLIKELY",
    "racy": "VERY_UNLIKELY",
    "spoof": "LIKELY",
    "violence": "UNLIKELY"
  },
  "textAnnotations": [
    {
      "boundingPoly": {
        "vertices": [
          {
            "x": 111,
            "y": 128
          },
          {
            "x": 911,
            "y": 128
          },
          {
            "x": 911,
            "y": 908
          },
          {
            "x": 111,
            "y": 908
          }
        ]
      },
      "description": "im baby\nBen-Berk\n",
      "locale": "tr"
    },
    {
      "boundingPoly": {
        "vertices": [
          {
            "x": 115,
            "y": 128
          },
          {
            "x": 215,
            "y": 131
          },
          {
            "x": 211,
            "y": 242
          },
          {
            "x": 112,
            "y": 239
          }
        ]
      },
      "description": "im"
    },
    {
      "boundingPoly": {
        "vertices": [
          {
            "x": 251,
            "y": 132
          },
          {
            "x": 459,
            "y": 139
          },
          {
            "x": 455,
            "y": 249
          },
          {
            "x": 248,
            "y": 243
          }
        ]
      },
      "description": "baby"
    },
    {
      "boundingPoly": {
        "vertices": [
          {
            "x": 810,
            "y": 888
          },
          {
            "x": 848,
            "y": 888
          },
          {
            "x": 848,
            "y": 908
          },
          {
            "x": 810,
            "y": 908
          }
        ]
      },
      "description": "Ben"
    },
    {
      "boundingPoly": {
        "vertices": [
          {
            "x": 857,
            "y": 888
          },
          {
            "x": 862,
            "y": 888
          },
          {
            "x": 862,
            "y": 907
          },
          {
            "x": 857,
            "y": 907
          }
        ]
      },
      "description": "-"
    },
    {
      "boundingPoly": {
        "vertices": [
          {
            "x": 864,
            "y": 888
          },
          {
            "x": 911,
            "y": 888
          },
          {
            "x": 911,
            "y": 907
          },
          {
            "x": 864,
            "y": 907
          }
        ]
      },
      "description": "Berk"
    }
  ]
}
