{
  "cropHintsAnnotation": {
    "cropHints": [
      {
        "boundingPoly": {
          "vertices": [
            {
              "x": 104
            },
            {
              "x": 632
            },
            {
              "x": 632,
              "y": 660
            },
            {
              "x": 104,
              "y": 660
            }
          ]
        },
        "confidence": 0.65625006,
        "importanceFraction": 0.8708111
      },
      {
        "boundingPoly": {
          "vertices": [
            {
              "x": 33
            },
            {
              "x": 693
            },
            {
              "x": 693,
              "y": 660
            },
            {
              "x": 33,
              "y": 660
            }
          ]
        },
        "confidence": 0.60288626,
        "importanceFraction": 1
      },
      {
        "boundingPoly": {
          "vertices": [
            {
              "y": 41
            },
            {
              "x": 693,
              "y": 41
            },
            {
              "x": 693,
              "y": 619
            },
            {
              "y": 619
            }
          ]
        },
        "confidence": 0.6562973,
        "importanceFraction": 1
      }
    ]
  },
  "fullTextAnnotation": {
    "pages": [
      {
        "blocks": [
          {
            "blockType": "TEXT",
            "boundingBox": {
              "vertices": [
                {
                  "x": 45,
                  "y": 98
                },
                {
                  "x": 357,
                  "y": 96
                },
                {
                  "x": 357,
                  "y": 163
                },
                {
                  "x": 45,
                  "y": 165
                }
              ]
            },
            "confidence": 0.97,
            "paragraphs": [
              {
                "boundingBox": {
                  "vertices": [
                    {
                      "x": 45,
                      "y": 98
                    },
                    {
                      "x": 357,
                      "y": 96
                    },
                    {
                      "x": 357,
                      "y": 163
                    },
                    {
                      "x": 45,
                      "y": 165
                    }
                  ]
                },
                "confidence": 0.97,
                "property": {
                  "detectedLanguages": [
                    {
                      "confidence": 1,
                      "languageCode": "en"
                    }
                  ]
                },
                "words": [
                  {
                    "boundingBox": {
                      "vertices": [
                        {
                          "x": 45,
                          "y": 98
                        },
                        {
                          "x": 146,
                          "y": 97
                        },
                        {
                          "x": 146,
                          "y": 163
                        },
                        {
                          "x": 45,
                          "y": 164
                        }
                      ]
                    },
                    "confidence": 0.98,
                    "property": {
                      "detectedLanguages": [
                        {
                          "languageCode": "en"
                        }
                      ]
                    },
                    "symbols": [
                      {
                        "boundingBox": {
                          "vertices": [
                            {
                              "x": 45,
                              "y": 98
                            },
                            {
                              "x": 58,
                              "y": 98
                            },
                            {
                              "x": 58,
                              "y": 164
                            },
                            {
                              "x": 45,
                              "y": 164
                            }
                          ]
                        },
                        "confidence": 0.98,
                        "property": {
                          "detectedLanguages": [
                            {
                              "languageCode": "en"
                            }
                          ]
                        },
                        "text": "I"
                      },
                      {
                        "boundingBox": {
                          "vertices": [
                            {
                              "x": 65,
                              "y": 98
                            },
                            {
                              "x": 103,
                              "y": 98
                            },
                            {
                              "x": 103,
                              "y": 164
                            },
                            {
                              "x": 65,
                              "y": 164
                            }
                          ]
                        },
                        "confidence": 0.98,
                        "property": {
                          "detectedLanguages": [
                            {
                              "languageCode": "en"
                            }
                          ]
                        },
                        "text": "c"
                      },
                      {
                        "boundingBox": {
                          "vertices": [
                            {
                              "x": 107,
                              "y": 98
                            },
                            {
                              "x": 146,
                              "y": 98
                            },
                            {
                              "x": 146,
                              "y": 164
                            },
                            {
                              "x": 107,
                              "y": 164
                            }
                          ]
                        },
                        "confidence": 0.99,
                        "property": {
                          "detectedBreak": {
                            "type": "SPACE"
                          },
                          "detectedLanguages": [
                            {
                              "languageCode": "en"
                            }
                          ]
                        },
                        "text": "e"
                      }
                    ]
                  },
                  {
                    "boundingBox": {
                      "vertices": [
                        {
                          "x": 165,
                          "y": 97
                        },
                        {
                          "x": 357,
                          "y": 96
                        },
                        {
                          "x": 357,
                          "y": 163
                        },
                        {
                          "x": 165,
                          "y": 164
                        }
                      ]
                    },
                    "confidence": 0.97,
                    "property": {
                      "detectedLanguages": [
                        {
                          "languageCode": "en"
                        }
                      ]
                    },
                    "symbols": [
                      {
                        "boundingBox": {
                          "vertices": [
                            {
                              "x": 165,
                              "y": 98
                            },
                            {
                              "x": 203,
                              "y": 98
                            },
                            {
                              "x": 203,
                              "y": 164
                            },
                            {
                              "x": 165,
                              "y": 164
                            }
                          ]
                        },
                        "confidence": 0.96,
                        "property": {
                          "detectedLanguages": [
                            {
                              "languageCode": "en"
                            }
                          ]
                        },
                        "text": "J"
                      },
                      {
                        "boundingBox": {
                          "vertices": [
                            {
                              "x": 211,
                              "y": 98
                            },
                            {
                              "x": 250,
                              "y": 98
                            },
                            {
                              "x": 250,
                              "y": 164
                            },
                            {
                              "x": 211,
                              "y": 164
                            }
                          ]
                        },
                        "confidence": 0.98,
                        "property": {
                          "detectedLanguages": [
                            {
                              "languageCode": "en"
                            }
                          ]
                        },
                        "text": "u"
                      },
                      {
                        "boundingBox": {
                          "vertices": [
                            {
                              "x": 257,
                              "y": 97
                            },
                            {
                              "x": 269,
                              "y": 97
                            },
                            {
                              "x": 269,
                              "y": 163
                            },
                            {
                              "x": 257,
                              "y": 163
                            }
                          ]
                        },
                        "confidence": 0.94,
                        "property": {
                          "detectedLanguages": [
                            {
                              "languageCode": "en"
                            }
                          ]
                        },
                        "text": "i"
                      },
                      {
                        "boundingBox": {
                          "vertices": [
                            {
                              "x": 275,
                              "y": 97
                            },
                            {
                              "x": 314,
                              "y": 97
                            },
                            {
                              "x": 314,
                              "y": 163
                            },
                            {
                              "x": 275,
                              "y": 163
                            }
                          ]
                        },
                        "confidence": 1,
                        "property": {
                          "detectedLanguages": [
                            {
                              "languageCode": "en"
                            }
                          ]
                        },
                        "text": "c"
                      },
                      {
                        "boundingBox": {
                          "vertices": [
                            {
                              "x": 318,
                              "y": 97
                            },
                            {
                              "x": 357,
                              "y": 97
                            },
                            {
                              "x": 357,
                              "y": 163
                            },
                            {
                              "x": 318,
                              "y": 163
                            }
                          ]
                        },
                        "confidence": 1,
                        "property": {
                          "detectedBreak": {
                            "type": "LINE_BREAK"
                          },
                          "detectedLanguages": [
                            {
                              "languageCode": "en"
                            }
                          ]
                        },
                        "text": "e"
                      }
                    ]
                  }
                ]
              }
            ],
            "property": {
              "detectedLanguages": [
                {
                  "confidence": 1,
                  "languageCode": "en"
                }
              ]
            }
          },
          {
            "blockType": "TEXT",
            "boundingBox": {
              "vertices": [
                {
                  "x": 371,
                  "y": 43
                },
                {
                  "x": 407,
                  "y": 42
                },
                {
                  "x": 410,
                  "y": 166
                },
                {
                  "x": 374,
                  "y": 167
                }
              ]
            },
            "confidence": 0.58,
            "paragraphs": [
              {
                "boundingBox": {
                  "vertices": [
                    {
                      "x": 371,
                      "y": 43
                    },
                    {
                      "x": 407,
                      "y": 42
                    },
                    {
                      "x": 410,
                      "y": 166
                    },
                    {
                      "x": 374,
                      "y": 167
                    }
                  ]
                },
                "confidence": 0.58,
                "words": [
                  {
                    "boundingBox": {
                      "vertices": [
                        {
                          "x": 371,
                          "y": 43
                        },
                        {
                          "x": 407,
                          "y": 42
                        },
                        {
                          "x": 410,
                          "y": 166
                        },
                        {
                          "x": 374,
                          "y": 167
                        }
                      ]
                    },
                    "confidence": 0.58,
                    "symbols": [
                      {
                        "boundingBox": {
                          "vertices": [
                            {
                              "x": 371,
                              "y": 43
                            },
                            {
                              "x": 407,
                              "y": 42
                            },
                            {
                              "x": 410,
                              "y": 166
                            },
                            {
                              "x": 374,
                              "y": 167
                            }
                          ]
                        },
                        "confidence": 0.58,
                        "property": {
                          "detectedBreak": {
                            "type": "LINE_BREAK"
                          }
                        },
                        "text": "✓"
                      }
                    ]
                  }
                ]
              }
            ]
          },
          {
            "blockType": "TEXT",
            "boundingBox": {
              "vertices": [
                {
                  "x": 44,
                  "y": 291
                },
                {
                  "x": 343,
                  "y": 297
                },
                {
                  "x": 342,
                  "y": 369
                },
                {
                  "x": 43,
                  "y": 363
                }
              ]
            },
            "confidence": 0.92,
            "paragraphs": [
              {
                "boundingBox": {
                  "vertices": [
                    {
                      "x": 44,
                      "y": 291
                    },
                    {
                      "x": 343,
                      "y": 297
                    },
                    {
                      "x": 342,
                      "y": 369
                    },
                    {
                      "x": 43,
                      "y": 363
                    }
                  ]
                },
                "confidence": 0.92,
                "property": {
                  "detectedLanguages": [
                    {
                      "confidence": 1,
                      "languageCode": "en"
                    }
                  ]
                },
                "words": [
                  {
                    "boundingBox": {
                      "vertices": [
                        {
                          "x": 44,
                          "y": 291
                        },
                        {
                          "x": 255,
                          "y": 295
                        },
                        {
                          "x": 254,
                          "y": 367
                        },
                        {
                          "x": 43,
                          "y": 363
                        }
                      ]
                    },
                    "confidence": 0.99,
                    "property": {
                      "detectedLanguages": [
                        {
                          "languageCode": "en"
                        }
                      ]
                    },
                    "symbols": [
                      {
                        "boundingBox": {
                          "vertices": [
                            {
                              "x": 44,
                              "y": 292
                            },
                            {
                              "x": 93,
                              "y": 293
                            },
                            {
                              "x": 92,
                              "y": 364
                            },
                            {
                              "x": 43,
                              "y": 363
                            }
                          ]
                        },
                        "confidence": 0.99,
                        "property": {
                          "detectedLanguages": [
                            {
                              "languageCode": "en"
                            }
                          ]
                        },
                        "text": "W"
                      },
                      {
                        "boundingBox": {
                          "vertices": [
                            {
                              "x": 114,
                              "y": 293
                            },
                            {
                              "x": 149,
                              "y": 294
                            },
                            {
                              "x": 148,
                              "y": 365
                            },
                            {
                              "x": 113,
                              "y": 364
                            }
                          ]
                        },
                        "confidence": 1,
                        "property": {
                          "detectedLanguages": [
                            {
                              "languageCode": "en"
                            }
                          ]
                        },
                        "text": "a"
                      },
                      {
                        "boundingBox": {
                          "vertices": [
                            {
                              "x": 162,
                              "y": 294
                            },
                            {
                              "x": 189,
                              "y": 295
                            },
                            {
                              "x": 188,
                              "y": 366
                            },
                            {
                              "x": 161,
                              "y": 365
                            }
                          ]
                        },
                        "confidence": 1,
                        "property": {
                          "detectedLanguages": [
                            {
                              "languageCode": "en"
                            }
                          ]
                        },
                        "text": "t"
                      },
                      {
                        "boundingBox": {
                          "vertices": [
                            {
                              "x": 199,
                              "y": 295
                            },
                            {
                              "x": 224,
                              "y": 295
                            },
                            {
                              "x": 223,
                              "y": 366
                            },
                            {
                              "x": 198,
                              "y": 366
                            }
                          ]
                        },
                        "confidence": 0.99,
                        "property": {
                          "detectedLanguages": [
                            {
                              "languageCode": "en"
                            }
                          ]
                        },
                        "text": "e"
                      },
                      {
                        "boundingBox": {
                          "vertices": [
                            {
                              "x": 236,
                              "y": 295
                            },
                            {
                              "x": 255,
                              "y": 295
                            },
                            {
                              "x": 254,
                              "y": 366
                            },
                            {
                              "x": 235,
                              "y": 366
                            }
                          ]
                        },
                        "confidence": 1,
                        "property": {
                          "detectedBreak": {
                            "type": "SPACE"
                          },
                          "detectedLanguages": [
                            {
                              "languageCode": "en"
                            }
                          ]
                        },
                        "text": "r"
                      }
                    ]
                  },
                  {
                    "boundingBox": {
                      "vertices": [
                        {
                          "x": 264,
                          "y": 296
                        },
                        {
                          "x": 343,
                          "y": 298
                        },
                        {
                          "x": 342,
                          "y": 369
                        },
                        {
                          "x": 263,
                          "y": 367
                        }
                      ]
                    },
                    "confidence": 0.56,
                    "property": {
                      "detectedLanguages": [
                        {
                          "languageCode": "en"
                        }
                      ]
                    },
                    "symbols": [
                      {
                        "boundingBox": {
                          "vertices": [
                            {
                              "x": 264,
                              "y": 296
                            },
                            {
                              "x": 343,
                              "y": 298
                            },
                            {
                              "x": 342,
                              "y": 369
                            },
                            {
                              "x": 263,
                              "y": 367
                            }
                          ]
                        },
                        "confidence": 0.56,
                        "property": {
                          "detectedBreak": {
                            "type": "LINE_BREAK"
                          },
                          "detectedLanguages": [
                            {
                              "languageCode": "en"
                            }
                          ]
                        },
                        "text": "X"
                      }
                    ]
                  }
                ]
              }
            ],
            "property": {
              "detectedLanguages": [
                {
                  "confidence": 1,
                  "languageCode": "en"
                }
              ]
            }
          }
        ],
        "height": 661,
        "property": {
          "detectedLanguages": [
            {
              "confidence": 0.93,
              "languageCode": "en"
            }
          ]
        },
        "width": 694
      }
    ],
    "text": "Ice Juice\n✓\nWater X\n"
  },
  "imagePropertiesAnnotation": {
    "cropHints": [
      {
        "boundingPoly": {
          "vertices": [
            {
              "x": 104
            },
            {
              "x": 632
            },
            {
              "x": 632,
              "y": 660
            },
            {
              "x": 104,
              "y": 660
            }
          ]
        },
        "confidence": 0.65625006,
        "importanceFraction": 0.8708111
      },
      {
        "boundingPoly": {
          "vertices": [
            {
              "x": 33
            },
            {
              "x": 693
            },
            {
              "x": 693,
              "y": 660
            },
            {
              "x": 33,
              "y": 660
            }
          ]
        },
        "confidence": 0.60288626,
        "importanceFraction": 1
      },
      {
        "boundingPoly": {
          "vertices": [
            {
              "y": 41
            },
            {
              "x": 693,
              "y": 41
            },
            {
              "x": 693,
              "y": 619
            },
            {
              "y": 619
            }
          ]
        },
        "confidence": 0.6562973,
        "importanceFraction": 1
      }
    ],
    "dominantColors": {
      "colors": [
        {
          "color": {
            "blue": 167,
            "green": 140,
            "red": 230
          },
          "hex": "E68CA7",
          "percent": 42.32531069577898,
          "percentRounded": 42,
          "pixelFraction": 0.13783519,
          "rgb": "230, 140,\n 167",
          "score": 0.29420292
        },
        {
          "color": {
            "blue": 252,
            "green": 251,
            "red": 251
          },
          "hex": "FBFBFC",
          "percent": 34.36254142585714,
          "percentRounded": 34,
          "pixelFraction": 0.50844777,
          "rgb": "251, 251,\n 252",
          "score": 0.23885377
        },
        {
          "color": {
            "blue": 86,
            "green": 35,
            "red": 157
          },
          "hex": "9D2356",
          "percent": 10.304063674350358,
          "percentRounded": 10,
          "pixelFraction": 0.019293657,
          "rgb": "157, 35,\n 86",
          "score": 0.07162347
        },
        {
          "color": {
            "blue": 86,
            "green": 61,
            "red": 26
          },
          "hex": "1A3D56",
          "percent": 6.464005618388399,
          "percentRounded": 6,
          "pixelFraction": 0.037388273,
          "rgb": "26, 61,\n 86",
          "score": 0.044931255
        },
        {
          "color": {
            "blue": 99,
            "green": 178,
            "red": 120
          },
          "hex": "78B263",
          "percent": 2.0190571154755568,
          "percentRounded": 2,
          "pixelFraction": 0.0025615871,
          "rgb": "120, 178,\n 99",
          "score": 0.014034451
        },
        {
          "color": {
            "blue": 189,
            "green": 165,
            "red": 83
          },
          "hex": "53A5BD",
          "percent": 1.4602874918396223,
          "percentRounded": 1,
          "pixelFraction": 0.05973403,
          "rgb": "83, 165,\n 189",
          "score": 0.0101504475
        },
        {
          "color": {
            "blue": 47,
            "green": 25,
            "red": 102
          },
          "hex": "66192F",
          "percent": 1.1062392208002254,
          "percentRounded": 1,
          "pixelFraction": 0.004850665,
          "rgb": "102, 25,\n 47",
          "score": 0.0076894606
        },
        {
          "color": {
            "blue": 211,
            "green": 250,
            "red": 223
          },
          "hex": "DFFAD3",
          "percent": 1.0163413257777896,
          "percentRounded": 1,
          "pixelFraction": 0.003978635,
          "rgb": "223, 250,\n 211",
          "score": 0.007064581
        },
        {
          "color": {
            "blue": 9,
            "green": 9,
            "red": 9
          },
          "hex": "090909",
          "percent": 0.7275363844778423,
          "percentRounded": 1,
          "pixelFraction": 0.023544801,
          "rgb": "9, 9,\n 9",
          "score": 0.0050571
        },
        {
          "color": {
            "blue": 15,
            "green": 1,
            "red": 65
          },
          "hex": "41010F",
          "percent": 0.21461704725408273,
          "percentRounded": 0,
          "pixelFraction": 0.00049051666,
          "rgb": "65, 1,\n 15",
          "score": 0.0014918015
        }
      ]
    }
  },
  "labelAnnotations": [
    {
      "description": "Cartoon",
      "mid": "/m/0215n",
      "score": 0.87522477,
      "topicality": 0.87522477
    },
    {
      "description": "Happy",
      "mid": "/m/016pp7",
      "score": 0.85360783,
      "topicality": 0.85360783
    },
    {
      "description": "Gesture",
      "mid": "/m/0244x1",
      "score": 0.85260487,
      "topicality": 0.85260487
    },
    {
      "description": "Font",
      "mid": "/m/03gq5hm",
      "score": 0.83797777,
      "topicality": 0.83797777
    },
    {
      "description": "Rectangle",
      "mid": "/m/0j62f",
      "score": 0.7881541,
      "topicality": 0.7881541
    },
    {
      "description": "Art",
      "mid": "/m/0jjw",
      "score": 0.74993926,
      "topicality": 0.74993926
    },
    {
      "description": "Illustration",
      "mid": "/m/01kr8f",
      "score": 0.6833738,
      "topicality": 0.6833738
    },
    {
      "description": "Smile",
      "mid": "/m/019nj4",
      "score": 0.6819571,
      "topicality": 0.6819571
    },
    {
      "description": "Thumb",
      "mid": "/m/01bmhj",
      "score": 0.67519474,
      "topicality": 0.67519474
    },
    {
      "description": "Magenta",
      "mid": "/m/0ckc5",
      "score": 0.671377,
      "topicality": 0.671377
    },
    {
      "description": "Graphics",
      "mid": "/m/021sdg",
      "score": 0.66502815,
      "topicality": 0.66502815
    },
    {
      "description": "Circle",
      "mid": "/m/01vkl",
      "score": 0.6572181,
      "topicality": 0.6572181
    },
    {
      "description": "Pleased",
      "mid": "/j/4kr7kk",
      "score": 0.65565157,
      "topicality": 0.65565157
    },
    {
      "description": "Suidae",
      "mid": "/m/020bgr",
      "score": 0.60801166,
      "topicality": 0.60801166
    },
    {
      "description": "Photo caption",
      "mid": "/m/0b75wg4",
      "score": 0.5947362,
      "topicality": 0.5947362
    },
    {
      "description": "Graphic design",
      "mid": "/m/03c31",
      "score": 0.5767639,
      "topicality": 0.5767639
    },
    {
      "description": "Brand",
      "mid": "/m/01cd9",
      "score": 0.5718871,
      "topicality": 0.5718871
    },
    {
      "description": "Logo",
      "mid": "/m/0dwx7",
      "score": 0.5607441,
      "topicality": 0.5607441
    },
    {
      "description": "Screenshot",
      "mid": "/m/01zbnw",
      "score": 0.5576653,
      "topicality": 0.5576653
    },
    {
      "description": "Animated cartoon",
      "mid": "/m/095bb",
      "score": 0.54825723,
      "topicality": 0.54825723
    },
    {
      "description": "Livestock",
      "mid": "/m/0ch8v",
      "score": 0.5431676,
      "topicality": 0.5431676
    },
    {
      "description": "Domestic pig",
      "mid": "/m/078qb0",
      "score": 0.53235584,
      "topicality": 0.53235584
    },
    {
      "description": "Animation",
      "mid": "/m/0hcr",
      "score": 0.5275461,
      "topicality": 0.5275461
    },
    {
      "description": "Advertising",
      "mid": "/m/011s0",
      "score": 0.52582663,
      "topicality": 0.52582663
    },
    {
      "description": "Clip art",
      "mid": "/m/03g09t",
      "score": 0.5131081,
      "topicality": 0.5131081
    }
  ],
  "localizedObjectAnnotations": [
    {
      "boundingPoly": {
        "normalizedVertices": [
          {
            "x": 0.5332707,
            "y": 0.3566809
          },
          {
            "x": 0.9925124,
            "y": 0.3566809
          },
          {
            "x": 0.9925124,
            "y": 0.9926717
          },
          {
            "x": 0.5332707,
            "y": 0.9926717
          }
        ]
      },
      "mid": "/m/0jbk",
      "name": "Animal",
      "score": 0.7784165
    },
    {
      "boundingPoly": {
        "normalizedVertices": [
          {
            "x": 0.00031469553,
            "y": 0.013671079
          },
          {
            "x": 0.9855511,
            "y": 0.013671079
          },
          {
            "x": 0.9855511,
            "y": 0.8909013
          },
          {
            "x": 0.00031469553,
            "y": 0.8909013
          }
        ]
      },
      "mid": "/m/0hf58v5",
      "name": "Luggage & bags",
      "score": 0.5878196
    }
  ],
  "safeSearchAnnotation": {
    "adult": "VERY_UNLIKELY",
    "medical": "UNLIKELY",
    "racy": "VERY_UNLIKELY",
    "spoof": "LIKELY",
    "violence": "UNLIKELY"
  },
  "textAnnotations": [
    {
      "boundingPoly": {
        "vertices": [
          {
            "x": 43,
            "y": 42
          },
          {
            "x": 410,
            "y": 42
          },
          {
            "x": 410,
            "y": 369
          },
          {
            "x": 43,
            "y": 369
          }
        ]
      },
      "description": "Ice Juice\n✓\nWater X\n",
      "locale": "en"
    },
    {
      "boundingPoly": {
        "vertices": [
          {
            "x": 45,
            "y": 98
          },
          {
            "x": 146,
            "y": 97
          },
          {
            "x": 146,
            "y": 163
          },
          {
            "x": 45,
            "y": 164
          }
        ]
      },
      "description": "Ice"
    },
    {
      "boundingPoly": {
        "vertices": [
          {
            "x": 165,
            "y": 97
          },
          {
            "x": 357,
            "y": 96
          },
          {
            "x": 357,
            "y": 163
          },
          {
            "x": 165,
            "y": 164
          }
        ]
      },
      "description": "Juice"
    },
    {
      "boundingPoly": {
        "vertices": [
          {
            "x": 371,
            "y": 43
          },
          {
            "x": 407,
            "y": 42
          },
          {
            "x": 410,
            "y": 166
          },
          {
            "x": 374,
            "y": 167
          }
        ]
      },
      "description": "✓"
    },
    {
      "boundingPoly": {
        "vertices": [
          {
            "x": 44,
            "y": 291
          },
          {
            "x": 255,
            "y": 295
          },
          {
            "x": 254,
            "y": 367
          },
          {
            "x": 43,
            "y": 363
          }
        ]
      },
      "description": "Water"
    },
    {
      "boundingPoly": {
        "vertices": [
          {
            "x": 264,
            "y": 296
          },
          {
            "x": 343,
            "y": 298
          },
          {
            "x": 342,
            "y": 369
          },
          {
            "x": 263,
            "y": 367
          }
        ]
      },
      "description": "X"
    }
  ]
}
