{
  "cropHintsAnnotation": {
    "cropHints": [
      {
        "boundingPoly": {
          "vertices": [
            {
              "x": 143
            },
            {
              "x": 1296
            },
            {
              "x": 1296,
              "y": 1439
            },
            {
              "x": 143,
              "y": 1439
            }
          ]
        },
        "confidence": 0.46386722,
        "importanceFraction": 1
      },
      {
        "boundingPoly": {
          "vertices": [
            {},
            {
              "x": 1439
            },
            {
              "x": 1439,
              "y": 1439
            },
            {
              "y": 1439
            }
          ]
        },
        "confidence": 0.37109375,
        "importanceFraction": 1
      },
      {
        "boundingPoly": {
          "vertices": [
            {
              "y": 216
            },
            {
              "x": 1439,
              "y": 216
            },
            {
              "x": 1439,
              "y": 1416
            },
            {
              "y": 1416
            }
          ]
        },
        "confidence": 0.44531247,
        "importanceFraction": 1
      }
    ]
  },
  "fullTextAnnotation": {
    "pages": [
      {
        "blocks": [
          {
            "blockType": "TEXT",
            "boundingBox": {
              "vertices": [
                {
                  "x": 254,
                  "y": 385
                },
                {
                  "x": 591,
                  "y": 375
                },
                {
                  "x": 594,
                  "y": 478
                },
                {
                  "x": 257,
                  "y": 488
                }
              ]
            },
            "confidence": 0.98,
            "paragraphs": [
              {
                "boundingBox": {
                  "vertices": [
                    {
                      "x": 254,
                      "y": 385
                    },
                    {
                      "x": 591,
                      "y": 375
                    },
                    {
                      "x": 594,
                      "y": 478
                    },
                    {
                      "x": 257,
                      "y": 488
                    }
                  ]
                },
                "confidence": 0.98,
                "property": {
                  "detectedLanguages": [
                    {
                      "confidence": 1,
                      "languageCode": "de"
                    }
                  ]
                },
                "words": [
                  {
                    "boundingBox": {
                      "vertices": [
                        {
                          "x": 254,
                          "y": 385
                        },
                        {
                          "x": 459,
                          "y": 379
                        },
                        {
                          "x": 462,
                          "y": 482
                        },
                        {
                          "x": 257,
                          "y": 488
                        }
                      ]
                    },
                    "confidence": 0.99,
                    "property": {
                      "detectedLanguages": [
                        {
                          "languageCode": "de"
                        }
                      ]
                    },
                    "symbols": [
                      {
                        "boundingBox": {
                          "vertices": [
                            {
                              "x": 254,
                              "y": 385
                            },
                            {
                              "x": 297,
                              "y": 384
                            },
                            {
                              "x": 300,
                              "y": 487
                            },
                            {
                              "x": 257,
                              "y": 488
                            }
                          ]
                        },
                        "confidence": 0.99,
                        "property": {
                          "detectedLanguages": [
                            {
                              "languageCode": "de"
                            }
                          ]
                        },
                        "text": "b"
                      },
                      {
                        "boundingBox": {
                          "vertices": [
                            {
                              "x": 308,
                              "y": 383
                            },
                            {
                              "x": 351,
                              "y": 382
                            },
                            {
                              "x": 354,
                              "y": 485
                            },
                            {
                              "x": 311,
                              "y": 486
                            }
                          ]
                        },
                        "confidence": 0.99,
                        "property": {
                          "detectedLanguages": [
                            {
                              "languageCode": "de"
                            }
                          ]
                        },
                        "text": "a"
                      },
                      {
                        "boundingBox": {
                          "vertices": [
                            {
                              "x": 360,
                              "y": 382
                            },
                            {
                              "x": 403,
                              "y": 381
                            },
                            {
                              "x": 406,
                              "y": 484
                            },
                            {
                              "x": 363,
                              "y": 485
                            }
                          ]
                        },
                        "confidence": 0.99,
                        "property": {
                          "detectedLanguages": [
                            {
                              "languageCode": "de"
                            }
                          ]
                        },
                        "text": "b"
                      },
                      {
                        "boundingBox": {
                          "vertices": [
                            {
                              "x": 411,
                              "y": 380
                            },
                            {
                              "x": 459,
                              "y": 379
                            },
                            {
                              "x": 462,
                              "y": 482
                            },
                            {
                              "x": 414,
                              "y": 483
                            }
                          ]
                        },
                        "confidence": 0.99,
                        "property": {
                          "detectedBreak": {
                            "type": "SPACE"
                          },
                          "detectedLanguages": [
                            {
                              "languageCode": "de"
                            }
                          ]
                        },
                        "text": "y"
                      }
                    ]
                  },
                  {
                    "boundingBox": {
                      "vertices": [
                        {
                          "x": 499,
                          "y": 378
                        },
                        {
                          "x": 591,
                          "y": 375
                        },
                        {
                          "x": 594,
                          "y": 478
                        },
                        {
                          "x": 502,
                          "y": 481
                        }
                      ]
                    },
                    "confidence": 0.98,
                    "property": {
                      "detectedLanguages": [
                        {
                          "languageCode": "de"
                        }
                      ]
                    },
                    "symbols": [
                      {
                        "boundingBox": {
                          "vertices": [
                            {
                              "x": 499,
                              "y": 378
                            },
                            {
                              "x": 511,
                              "y": 378
                            },
                            {
                              "x": 514,
                              "y": 481
                            },
                            {
                              "x": 502,
                              "y": 481
                            }
                          ]
                        },
                        "confidence": 0.99,
                        "property": {
                          "detectedLanguages": [
                            {
                              "languageCode": "de"
                            }
                          ]
                        },
                        "text": "i"
                      },
                      {
                        "boundingBox": {
                          "vertices": [
                            {
                              "x": 522,
                              "y": 377
                            },
                            {
                              "x": 591,
                              "y": 375
                            },
                            {
                              "x": 594,
                              "y": 478
                            },
                            {
                              "x": 525,
                              "y": 480
                            }
                          ]
                        },
                        "confidence": 0.98,
                        "property": {
                          "detectedBreak": {
                            "type": "LINE_BREAK"
                          },
                          "detectedLanguages": [
                            {
                              "languageCode": "de"
                            }
                          ]
                        },
                        "text": "m"
                      }
                    ]
                  }
                ]
              }
            ],
            "property": {
              "detectedLanguages": [
                {
                  "confidence": 1,
                  "languageCode": "de"
                }
              ]
            }
          },
          {
            "blockType": "TEXT",
            "boundingBox": {
              "vertices": [
                {
                  "x": 993,
                  "y": 711
                },
                {
                  "x": 993,
                  "y": 737
                },
                {
                  "x": 919,
                  "y": 737
                },
                {
                  "x": 919,
                  "y": 711
                }
              ]
            },
            "confidence": 0.9,
            "paragraphs": [
              {
                "boundingBox": {
                  "vertices": [
                    {
                      "x": 993,
                      "y": 711
                    },
                    {
                      "x": 993,
                      "y": 737
                    },
                    {
                      "x": 919,
                      "y": 737
                    },
                    {
                      "x": 919,
                      "y": 711
                    }
                  ]
                },
                "confidence": 0.9,
                "words": [
                  {
                    "boundingBox": {
                      "vertices": [
                        {
                          "x": 993,
                          "y": 711
                        },
                        {
                          "x": 993,
                          "y": 737
                        },
                        {
                          "x": 919,
                          "y": 737
                        },
                        {
                          "x": 919,
                          "y": 711
                        }
                      ]
                    },
                    "confidence": 0.9,
                    "symbols": [
                      {
                        "boundingBox": {
                          "vertices": [
                            {
                              "x": 993,
                              "y": 711
                            },
                            {
                              "x": 993,
                              "y": 737
                            },
                            {
                              "x": 919,
                              "y": 737
                            },
                            {
                              "x": 919,
                              "y": 711
                            }
                          ]
                        },
                        "confidence": 0.9,
                        "property": {
                          "detectedBreak": {
                            "type": "LINE_BREAK"
                          }
                        },
                        "text": ")"
                      }
                    ]
                  }
                ]
              }
            ]
          },
          {
            "blockType": "TEXT",
            "boundingBox": {
              "vertices": [
                {
                  "x": 929,
                  "y": 776
                },
                {
                  "x": 928,
                  "y": 795
                },
                {
                  "x": 860,
                  "y": 793
                },
                {
                  "x": 861,
                  "y": 774
                }
              ]
            },
            "confidence": 0.98,
            "paragraphs": [
              {
                "boundingBox": {
                  "vertices": [
                    {
                      "x": 929,
                      "y": 776
                    },
                    {
                      "x": 928,
                      "y": 795
                    },
                    {
                      "x": 860,
                      "y": 793
                    },
                    {
                      "x": 861,
                      "y": 774
                    }
                  ]
                },
                "confidence": 0.98,
                "words": [
                  {
                    "boundingBox": {
                      "vertices": [
                        {
                          "x": 929,
                          "y": 776
                        },
                        {
                          "x": 928,
                          "y": 795
                        },
                        {
                          "x": 860,
                          "y": 793
                        },
                        {
                          "x": 861,
                          "y": 774
                        }
                      ]
                    },
                    "confidence": 0.98,
                    "symbols": [
                      {
                        "boundingBox": {
                          "vertices": [
                            {
                              "x": 929,
                              "y": 776
                            },
                            {
                              "x": 928,
                              "y": 795
                            },
                            {
                              "x": 860,
                              "y": 793
                            },
                            {
                              "x": 861,
                              "y": 774
                            }
                          ]
                        },
                        "confidence": 0.98,
                        "property": {
                          "detectedBreak": {
                            "type": "LINE_BREAK"
                          }
                        },
                        "text": "D"
                      }
                    ]
                  }
                ]
              }
            ]
          },
          {
            "blockType": "TEXT",
            "boundingBox": {
              "vertices": [
                {
                  "x": 980,
                  "y": 1194
                },
                {
                  "x": 1331,
                  "y": 1197
                },
                {
                  "x": 1330,
                  "y": 1328
                },
                {
                  "x": 979,
                  "y": 1325
                }
              ]
            },
            "confidence": 0.97,
            "paragraphs": [
              {
                "boundingBox": {
                  "vertices": [
                    {
                      "x": 980,
                      "y": 1194
                    },
                    {
                      "x": 1331,
                      "y": 1197
                    },
                    {
                      "x": 1330,
                      "y": 1328
                    },
                    {
                      "x": 979,
                      "y": 1325
                    }
                  ]
                },
                "confidence": 0.97,
                "property": {
                  "detectedLanguages": [
                    {
                      "confidence": 0.72,
                      "languageCode": "en"
                    },
                    {
                      "confidence": 0.28,
                      "languageCode": "yo"
                    }
                  ]
                },
                "words": [
                  {
                    "boundingBox": {
                      "vertices": [
                        {
                          "x": 980,
                          "y": 1195
                        },
                        {
                          "x": 1331,
                          "y": 1197
                        },
                        {
                          "x": 1330,
                          "y": 1273
                        },
                        {
                          "x": 979,
                          "y": 1271
                        }
                      ]
                    },
                    "confidence": 0.93,
                    "property": {
                      "detectedLanguages": [
                        {
                          "languageCode": "yo"
                        }
                      ]
                    },
                    "symbols": [
                      {
                        "boundingBox": {
                          "vertices": [
                            {
                              "x": 980,
                              "y": 1196
                            },
                            {
                              "x": 1047,
                              "y": 1196
                            },
                            {
                              "x": 1047,
                              "y": 1271
                            },
                            {
                              "x": 980,
                              "y": 1271
                            }
                          ]
                        },
                        "confidence": 0.94,
                        "property": {
                          "detectedLanguages": [
                            {
                              "languageCode": "yo"
                            }
                          ]
                        },
                        "text": "K"
                      },
                      {
                        "boundingBox": {
                          "vertices": [
                            {
                              "x": 1092,
                              "y": 1196
                            },
                            {
                              "x": 1103,
                              "y": 1196
                            },
                            {
                              "x": 1103,
                              "y": 1271
                            },
                            {
                              "x": 1092,
                              "y": 1271
                            }
                          ]
                        },
                        "confidence": 0.97,
                        "property": {
                          "detectedLanguages": [
                            {
                              "languageCode": "yo"
                            }
                          ]
                        },
                        "text": "I"
                      },
                      {
                        "boundingBox": {
                          "vertices": [
                            {
                              "x": 1148,
                              "y": 1197
                            },
                            {
                              "x": 1187,
                              "y": 1197
                            },
                            {
                              "x": 1187,
                              "y": 1272
                            },
                            {
                              "x": 1148,
                              "y": 1272
                            }
                          ]
                        },
                        "confidence": 0.95,
                        "property": {
                          "detectedLanguages": [
                            {
                              "languageCode": "yo"
                            }
                          ]
                        },
                        "text": "B"
                      },
                      {
                        "boundingBox": {
                          "vertices": [
                            {
                              "x": 1224,
                              "y": 1197
                            },
                            {
                              "x": 1259,
                              "y": 1197
                            },
                            {
                              "x": 1259,
                              "y": 1272
                            },
                            {
                              "x": 1224,
                              "y": 1272
                            }
                          ]
                        },
                        "confidence": 0.98,
                        "property": {
                          "detectedLanguages": [
                            {
                              "languageCode": "yo"
                            }
                          ]
                        },
                        "text": "E"
                      },
                      {
                        "boundingBox": {
                          "vertices": [
                            {
                              "x": 1296,
                              "y": 1198
                            },
                            {
                              "x": 1331,
                              "y": 1198
                            },
                            {
                              "x": 1331,
                              "y": 1273
                            },
                            {
                              "x": 1296,
                              "y": 1273
                            }
                          ]
                        },
                        "confidence": 0.81,
                        "property": {
                          "detectedBreak": {
                            "type": "EOL_SURE_SPACE"
                          },
                          "detectedLanguages": [
                            {
                              "languageCode": "yo"
                            }
                          ]
                        },
                        "text": "E"
                      }
                    ]
                  },
                  {
                    "boundingBox": {
                      "vertices": [
                        {
                          "x": 983,
                          "y": 1277
                        },
                        {
                          "x": 1320,
                          "y": 1281
                        },
                        {
                          "x": 1319,
                          "y": 1328
                        },
                        {
                          "x": 982,
                          "y": 1324
                        }
                      ]
                    },
                    "confidence": 0.99,
                    "property": {
                      "detectedLanguages": [
                        {
                          "languageCode": "en"
                        }
                      ]
                    },
                    "symbols": [
                      {
                        "boundingBox": {
                          "vertices": [
                            {
                              "x": 983,
                              "y": 1278
                            },
                            {
                              "x": 1001,
                              "y": 1278
                            },
                            {
                              "x": 1000,
                              "y": 1324
                            },
                            {
                              "x": 982,
                              "y": 1324
                            }
                          ]
                        },
                        "confidence": 0.99,
                        "property": {
                          "detectedLanguages": [
                            {
                              "languageCode": "en"
                            }
                          ]
                        },
                        "text": "i"
                      },
                      {
                        "boundingBox": {
                          "vertices": [
                            {
                              "x": 1008,
                              "y": 1278
                            },
                            {
                              "x": 1025,
                              "y": 1278
                            },
                            {
                              "x": 1024,
                              "y": 1324
                            },
                            {
                              "x": 1007,
                              "y": 1324
                            }
                          ]
                        },
                        "confidence": 0.99,
                        "property": {
                          "detectedLanguages": [
                            {
                              "languageCode": "en"
                            }
                          ]
                        },
                        "text": "l"
                      },
                      {
                        "boundingBox": {
                          "vertices": [
                            {
                              "x": 1026,
                              "y": 1278
                            },
                            {
                              "x": 1045,
                              "y": 1278
                            },
                            {
                              "x": 1044,
                              "y": 1324
                            },
                            {
                              "x": 1025,
                              "y": 1324
                            }
                          ]
                        },
                        "confidence": 0.99,
                        "property": {
                          "detectedLanguages": [
                            {
                              "languageCode": "en"
                            }
                          ]
                        },
                        "text": "l"
                      },
                      {
                        "boundingBox": {
                          "vertices": [
                            {
                              "x": 1053,
                              "y": 1278
                            },
                            {
                              "x": 1074,
                              "y": 1278
                            },
                            {
                              "x": 1073,
                              "y": 1324
                            },
                            {
                              "x": 1052,
                              "y": 1324
                            }
                          ]
                        },
                        "confidence": 1,
                        "property": {
                          "detectedLanguages": [
                            {
                              "languageCode": "en"
                            }
                          ]
                        },
                        "text": "u"
                      },
                      {
                        "boundingBox": {
                          "vertices": [
                            {
                              "x": 1073,
                              "y": 1279
                            },
                            {
                              "x": 1099,
                              "y": 1279
                            },
                            {
                              "x": 1098,
                              "y": 1325
                            },
                            {
                              "x": 1072,
                              "y": 1325
                            }
                          ]
                        },
                        "confidence": 1,
                        "property": {
                          "detectedLanguages": [
                            {
                              "languageCode": "en"
                            }
                          ]
                        },
                        "text": "s"
                      },
                      {
                        "boundingBox": {
                          "vertices": [
                            {
                              "x": 1115,
                              "y": 1279
                            },
                            {
                              "x": 1143,
                              "y": 1279
                            },
                            {
                              "x": 1142,
                              "y": 1325
                            },
                            {
                              "x": 1114,
                              "y": 1325
                            }
                          ]
                        },
                        "confidence": 1,
                        "property": {
                          "detectedLanguages": [
                            {
                              "languageCode": "en"
                            }
                          ]
                        },
                        "text": "t"
                      },
                      {
                        "boundingBox": {
                          "vertices": [
                            {
                              "x": 1144,
                              "y": 1280
                            },
                            {
                              "x": 1168,
                              "y": 1280
                            },
                            {
                              "x": 1167,
                              "y": 1326
                            },
                            {
                              "x": 1143,
                              "y": 1326
                            }
                          ]
                        },
                        "confidence": 1,
                        "property": {
                          "detectedLanguages": [
                            {
                              "languageCode": "en"
                            }
                          ]
                        },
                        "text": "r"
                      },
                      {
                        "boundingBox": {
                          "vertices": [
                            {
                              "x": 1179,
                              "y": 1280
                            },
                            {
                              "x": 1202,
                              "y": 1280
                            },
                            {
                              "x": 1201,
                              "y": 1326
                            },
                            {
                              "x": 1178,
                              "y": 1326
                            }
                          ]
                        },
                        "confidence": 1,
                        "property": {
                          "detectedLanguages": [
                            {
                              "languageCode": "en"
                            }
                          ]
                        },
                        "text": "a"
                      },
                      {
                        "boundingBox": {
                          "vertices": [
                            {
                              "x": 1202,
                              "y": 1280
                            },
                            {
                              "x": 1226,
                              "y": 1280
                            },
                            {
                              "x": 1225,
                              "y": 1326
                            },
                            {
                              "x": 1201,
                              "y": 1326
                            }
                          ]
                        },
                        "confidence": 1,
                        "property": {
                          "detectedLanguages": [
                            {
                              "languageCode": "en"
                            }
                          ]
                        },
                        "text": "t"
                      },
                      {
                        "boundingBox": {
                          "vertices": [
                            {
                              "x": 1238,
                              "y": 1281
                            },
                            {
                              "x": 1263,
                              "y": 1281
                            },
                            {
                              "x": 1262,
                              "y": 1327
                            },
                            {
                              "x": 1237,
                              "y": 1327
                            }
                          ]
                        },
                        "confidence": 1,
                        "property": {
                          "detectedLanguages": [
                            {
                              "languageCode": "en"
                            }
                          ]
                        },
                        "text": "i"
                      },
                      {
                        "boundingBox": {
                          "vertices": [
                            {
                              "x": 1267,
                              "y": 1281
                            },
                            {
                              "x": 1282,
                              "y": 1281
                            },
                            {
                              "x": 1281,
                              "y": 1327
                            },
                            {
                              "x": 1266,
                              "y": 1327
                            }
                          ]
                        },
                        "confidence": 1,
                        "property": {
                          "detectedLanguages": [
                            {
                              "languageCode": "en"
                            }
                          ]
                        },
                        "text": "o"
                      },
                      {
                        "boundingBox": {
                          "vertices": [
                            {
                              "x": 1282,
                              "y": 1281
                            },
                            {
                              "x": 1297,
                              "y": 1281
                            },
                            {
                              "x": 1296,
                              "y": 1327
                            },
                            {
                              "x": 1281,
                              "y": 1327
                            }
                          ]
                        },
                        "confidence": 1,
                        "property": {
                          "detectedLanguages": [
                            {
                              "languageCode": "en"
                            }
                          ]
                        },
                        "text": "n"
                      },
                      {
                        "boundingBox": {
                          "vertices": [
                            {
                              "x": 1302,
                              "y": 1282
                            },
                            {
                              "x": 1320,
                              "y": 1282
                            },
                            {
                              "x": 1319,
                              "y": 1328
                            },
                            {
                              "x": 1301,
                              "y": 1328
                            }
                          ]
                        },
                        "confidence": 0.99,
                        "property": {
                          "detectedBreak": {
                            "type": "LINE_BREAK"
                          },
                          "detectedLanguages": [
                            {
                              "languageCode": "en"
                            }
                          ]
                        },
                        "text": "s"
                      }
                    ]
                  }
                ]
              }
            ],
            "property": {
              "detectedLanguages": [
                {
                  "confidence": 0.72,
                  "languageCode": "en"
                },
                {
                  "confidence": 0.28,
                  "languageCode": "yo"
                }
              ]
            }
          }
        ],
        "height": 1440,
        "property": {
          "detectedLanguages": [
            {
              "confidence": 0.5,
              "languageCode": "en"
            },
            {
              "confidence": 0.23,
              "languageCode": "de"
            },
            {
              "confidence": 0.19,
              "languageCode": "yo"
            }
          ]
        },
        "width": 1440
      }
    ],
    "text": "baby im\n)\nD\nKIBEE\nillustrations\n"
  },
  "imagePropertiesAnnotation": {
    "cropHints": [
      {
        "boundingPoly": {
          "vertices": [
            {
              "x": 143
            },
            {
              "x": 1296
            },
            {
              "x": 1296,
              "y": 1439
            },
            {
              "x": 143,
              "y": 1439
            }
          ]
        },
        "confidence": 0.46386722,
        "importanceFraction": 1
      },
      {
        "boundingPoly": {
          "vertices": [
            {},
            {
              "x": 1439
            },
            {
              "x": 1439,
              "y": 1439
            },
            {
              "y": 1439
            }
          ]
        },
        "confidence": 0.37109375,
        "importanceFraction": 1
      },
      {
        "boundingPoly": {
          "vertices": [
            {
              "y": 216
            },
            {
              "x": 1439,
              "y": 216
            },
            {
              "x": 1439,
              "y": 1416
            },
            {
              "y": 1416
            }
          ]
        },
        "confidence": 0.44531247,
        "importanceFraction": 1
      }
    ],
    "dominantColors": {
      "colors": [
        {
          "color": {
            "blue": 109,
            "green": 147,
            "red": 172
          },
          "hex": "AC936D",
          "percent": 42.77324203601963,
          "percentRounded": 43,
          "pixelFraction": 0.0624,
          "rgb": "172, 147,\n 109",
          "score": 0.38452172
        },
        {
          "color": {
            "blue": 178,
            "green": 209,
            "red": 179
          },
          "hex": "B3D1B2",
          "percent": 26.817910782461134,
          "percentRounded": 27,
          "pixelFraction": 0.04528889,
          "rgb": "179, 209,\n 178",
          "score": 0.24108692
        },
        {
          "color": {
            "blue": 252,
            "green": 253,
            "red": 252
          },
          "hex": "FCFDFC",
          "percent": 21.690872317402786,
          "percentRounded": 22,
          "pixelFraction": 0.21213333,
          "rgb": "252, 253,\n 252",
          "score": 0.19499601
        },
        {
          "color": {
            "blue": 223,
            "green": 208,
            "red": 124
          },
          "hex": "7CD0DF",
          "percent": 1.8064719422501663,
          "percentRounded": 2,
          "pixelFraction": 0.60013336,
          "rgb": "124, 208,\n 223",
          "score": 0.016239772
        },
        {
          "color": {
            "blue": 10,
            "green": 16,
            "red": 13
          },
          "hex": "0D100A",
          "percent": 0.4543410800213975,
          "percentRounded": 0,
          "pixelFraction": 0.009111111,
          "rgb": "13, 16,\n 10",
          "score": 0.004084423
        },
        {
          "color": {
            "blue": 178,
            "green": 167,
            "red": 238
          },
          "hex": "EEA7B2",
          "percent": 0.18674392239984788,
          "percentRounded": 0,
          "pixelFraction": 0.00022222222,
          "rgb": "238, 167,\n 178",
          "score": 0.0016787854
        },
        {
          "color": {
            "blue": 41,
            "green": 61,
            "red": 41
          },
          "hex": "293D29",
          "percent": 0.131484504708341,
          "percentRounded": 0,
          "pixelFraction": 0.00017777778,
          "rgb": "41, 61,\n 41",
          "score": 0.0011820158
        },
        {
          "color": {
            "blue": 96,
            "green": 129,
            "red": 153
          },
          "hex": "998160",
          "percent": 4.328492349849069,
          "percentRounded": 4,
          "pixelFraction": 0.0063555557,
          "rgb": "153, 129,\n 96",
          "score": 0.038912162
        },
        {
          "color": {
            "blue": 117,
            "green": 196,
            "red": 242
          },
          "hex": "F2C475",
          "percent": 0.028559511006055072,
          "percentRounded": 0,
          "pixelFraction": 0.00017777778,
          "rgb": "242, 196,\n 117",
          "score": 0.00025674351
        },
        {
          "color": {
            "blue": 103,
            "green": 149,
            "red": 173
          },
          "hex": "AD9567",
          "percent": 1.7818815538815542,
          "percentRounded": 2,
          "pixelFraction": 0.0028888888,
          "rgb": "173, 149,\n 103",
          "score": 0.01601871
        }
      ]
    }
  },
  "labelAnnotations": [
    {
      "description": "Azure",
      "mid": "/m/03jn2m",
      "score": 0.89267325,
      "topicality": 0.89267325
    },
    {
      "description": "Gesture",
      "mid": "/m/0244x1",
      "score": 0.85260487,
      "topicality": 0.85260487
    },
    {
      "description": "Finger",
      "mid": "/m/09cx8",
      "score": 0.8341993,
      "topicality": 0.8341993
    },
    {
      "description": "Cartoon",
      "mid": "/m/0215n",
      "score": 0.8333523,
      "topicality": 0.8333523
    },
    {
      "description": "Font",
      "mid": "/m/03gq5hm",
      "score": 0.798431,
      "topicality": 0.798431
    },
    {
      "description": "Happy",
      "mid": "/m/016pp7",
      "score": 0.777749,
      "topicality": 0.777749
    },
    {
      "description": "Illustration",
      "mid": "/m/01kr8f",
      "score": 0.72266454,
      "topicality": 0.72266454
    },
    {
      "description": "Rectangle",
      "mid": "/m/0j62f",
      "score": 0.7176669,
      "topicality": 0.7176669
    },
    {
      "description": "Art",
      "mid": "/m/0jjw",
      "score": 0.7029976,
      "topicality": 0.7029976
    },
    {
      "description": "Graphics",
      "mid": "/m/021sdg",
      "score": 0.6482922,
      "topicality": 0.6482922
    },
    {
      "description": "Circle",
      "mid": "/m/01vkl",
      "score": 0.63314146,
      "topicality": 0.63314146
    },
    {
      "description": "Drawing",
      "mid": "/m/02csf",
      "score": 0.62339246,
      "topicality": 0.62339246
    },
    {
      "description": "Fictional character",
      "mid": "/m/02h7lkt",
      "score": 0.6097525,
      "topicality": 0.6097525
    },
    {
      "description": "Animation",
      "mid": "/m/0hcr",
      "score": 0.599396,
      "topicality": 0.599396
    },
    {
      "description": "Clip art",
      "mid": "/m/03g09t",
      "score": 0.5740074,
      "topicality": 0.5740074
    },
    {
      "description": "Animated cartoon",
      "mid": "/m/095bb",
      "score": 0.55002606,
      "topicality": 0.55002606
    },
    {
      "description": "Thumb",
      "mid": "/m/01bmhj",
      "score": 0.54960614,
      "topicality": 0.54960614
    },
    {
      "description": "Diagram",
      "mid": "/m/02v0m2",
      "score": 0.53806794,
      "topicality": 0.53806794
    },
    {
      "description": "Fiction",
      "mid": "/m/02xlf",
      "score": 0.5302011,
      "topicality": 0.5302011
    },
    {
      "description": "Logo",
      "mid": "/m/0dwx7",
      "score": 0.5164899,
      "topicality": 0.5164899
    },
    {
      "description": "Graphic design",
      "mid": "/m/03c31",
      "score": 0.50153273,
      "topicality": 0.50153273
    }
  ],
  "localizedObjectAnnotations": [
    {
      "boundingPoly": {
        "normalizedVertices": [
          {
            "x": 0.10681216,
            "y": 0.1803676
          },
          {
            "x": 0.76140577,
            "y": 0.1803676
          },
          {
            "x": 0.76140577,
            "y": 0.6566596
          },
          {
            "x": 0.10681216,
            "y": 0.6566596
          }
        ]
      },
      "mid": "/m/01x3z",
      "name": "Clock",
      "score": 0.6739498
    }
  ],
  "safeSearchAnnotation": {
    "adult": "VERY_UNLIKELY",
    "medical": "UNLIKELY",
    "racy": "UNLIKELY",
    "spoof": "POSSIBLE",
    "violence": "VERY_UNLIKELY"
  },
  "textAnnotations": [
    {
      "boundingPoly": {
        "vertices": [
          {
            "x": 254,
            "y": 375
          },
          {
            "x": 1331,
            "y": 375
          },
          {
            "x": 1331,
            "y": 1328
          },
          {
            "x": 254,
            "y": 1328
          }
        ]
      },
      "description": "baby im\n)\nD\nKIBEE\nillustrations\n",
      "locale": "en"
    },
    {
      "boundingPoly": {
        "vertices": [
          {
            "x": 254,
            "y": 385
          },
          {
            "x": 459,
            "y": 379
          },
          {
            "x": 462,
            "y": 482
          },
          {
            "x": 257,
            "y": 488
          }
        ]
      },
      "description": "baby"
    },
    {
      "boundingPoly": {
        "vertices": [
          {
            "x": 499,
            "y": 378
          },
          {
            "x": 591,
            "y": 375
          },
          {
            "x": 594,
            "y": 478
          },
          {
            "x": 502,
            "y": 481
          }
        ]
      },
      "description": "im"
    },
    {
      "boundingPoly": {
        "vertices": [
          {
            "x": 993,
            "y": 711
          },
          {
            "x": 993,
            "y": 737
          },
          {
            "x": 919,
            "y": 737
          },
          {
            "x": 919,
            "y": 711
          }
        ]
      },
      "description": ")"
    },
    {
      "boundingPoly": {
        "vertices": [
          {
            "x": 929,
            "y": 776
          },
          {
            "x": 928,
            "y": 795
          },
          {
            "x": 860,
            "y": 793
          },
          {
            "x": 861,
            "y": 774
          }
        ]
      },
      "description": "D"
    },
    {
      "boundingPoly": {
        "vertices": [
          {
            "x": 980,
            "y": 1195
          },
          {
            "x": 1331,
            "y": 1197
          },
          {
            "x": 1330,
            "y": 1273
          },
          {
            "x": 979,
            "y": 1271
          }
        ]
      },
      "description": "KIBEE"
    },
    {
      "boundingPoly": {
        "vertices": [
          {
            "x": 983,
            "y": 1277
          },
          {
            "x": 1320,
            "y": 1281
          },
          {
            "x": 1319,
            "y": 1328
          },
          {
            "x": 982,
            "y": 1324
          }
        ]
      },
      "description": "illustrations"
    }
  ]
}
