{
  "cropHintsAnnotation": {
    "cropHints": [
      {
        "boundingPoly": {
          "vertices": [
            {
              "x": 323
            },
            {
              "x": 1158
            },
            {
              "x": 1158,
              "y": 1043
            },
            {
              "x": 323,
              "y": 1043
            }
          ]
        },
        "confidence": 0.5926303,
        "importanceFraction": 1
      },
      {
        "boundingPoly": {
          "vertices": [
            {
              "x": 218
            },
            {
              "x": 1263
            },
            {
              "x": 1263,
              "y": 1043
            },
            {
              "x": 218,
              "y": 1043
            }
          ]
        },
        "confidence": 0.47410423,
        "importanceFraction": 1
      },
      {
        "boundingPoly": {
          "vertices": [
            {
              "x": 114
            },
            {
              "x": 1367
            },
            {
              "x": 1367,
              "y": 1043
            },
            {
              "x": 114,
              "y": 1043
            }
          ]
        },
        "confidence": 0.39508685,
        "importanceFraction": 1
      }
    ]
  },
  "fullTextAnnotation": {
    "pages": [
      {
        "blocks": [
          {
            "blockType": "TEXT",
            "boundingBox": {
              "vertices": [
                {
                  "x": 300,
                  "y": 215
                },
                {
                  "x": 1166,
                  "y": 200
                },
                {
                  "x": 1174,
                  "y": 653
                },
                {
                  "x": 308,
                  "y": 668
                }
              ]
            },
            "confidence": 0.98,
            "paragraphs": [
              {
                "boundingBox": {
                  "vertices": [
                    {
                      "x": 302,
                      "y": 215
                    },
                    {
                      "x": 1166,
                      "y": 208
                    },
                    {
                      "x": 1168,
                      "y": 446
                    },
                    {
                      "x": 304,
                      "y": 453
                    }
                  ]
                },
                "confidence": 0.99,
                "property": {
                  "detectedLanguages": [
                    {
                      "confidence": 1,
                      "languageCode": "en"
                    }
                  ]
                },
                "words": [
                  {
                    "boundingBox": {
                      "vertices": [
                        {
                          "x": 355,
                          "y": 215
                        },
                        {
                          "x": 566,
                          "y": 214
                        },
                        {
                          "x": 567,
                          "y": 334
                        },
                        {
                          "x": 356,
                          "y": 335
                        }
                      ]
                    },
                    "confidence": 0.99,
                    "property": {
                      "detectedLanguages": [
                        {
                          "languageCode": "en"
                        }
                      ]
                    },
                    "symbols": [
                      {
                        "boundingBox": {
                          "vertices": [
                            {
                              "x": 355,
                              "y": 215
                            },
                            {
                              "x": 400,
                              "y": 215
                            },
                            {
                              "x": 401,
                              "y": 334
                            },
                            {
                              "x": 356,
                              "y": 334
                            }
                          ]
                        },
                        "confidence": 0.99,
                        "property": {
                          "detectedLanguages": [
                            {
                              "languageCode": "en"
                            }
                          ]
                        },
                        "text": "s"
                      },
                      {
                        "boundingBox": {
                          "vertices": [
                            {
                              "x": 405,
                              "y": 215
                            },
                            {
                              "x": 434,
                              "y": 215
                            },
                            {
                              "x": 435,
                              "y": 334
                            },
                            {
                              "x": 406,
                              "y": 334
                            }
                          ]
                        },
                        "confidence": 1,
                        "property": {
                          "detectedLanguages": [
                            {
                              "languageCode": "en"
                            }
                          ]
                        },
                        "text": "t"
                      },
                      {
                        "boundingBox": {
                          "vertices": [
                            {
                              "x": 439,
                              "y": 215
                            },
                            {
                              "x": 498,
                              "y": 215
                            },
                            {
                              "x": 499,
                              "y": 334
                            },
                            {
                              "x": 440,
                              "y": 334
                            }
                          ]
                        },
                        "confidence": 0.99,
                        "property": {
                          "detectedLanguages": [
                            {
                              "languageCode": "en"
                            }
                          ]
                        },
                        "text": "o"
                      },
                      {
                        "boundingBox": {
                          "vertices": [
                            {
                              "x": 509,
                              "y": 214
                            },
                            {
                              "x": 566,
                              "y": 214
                            },
                            {
                              "x": 567,
                              "y": 333
                            },
                            {
                              "x": 510,
                              "y": 333
                            }
                          ]
                        },
                        "confidence": 0.99,
                        "property": {
                          "detectedBreak": {
                            "type": "SPACE"
                          },
                          "detectedLanguages": [
                            {
                              "languageCode": "en"
                            }
                          ]
                        },
                        "text": "p"
                      }
                    ]
                  },
                  {
                    "boundingBox": {
                      "vertices": [
                        {
                          "x": 601,
                          "y": 214
                        },
                        {
                          "x": 958,
                          "y": 212
                        },
                        {
                          "x": 959,
                          "y": 331
                        },
                        {
                          "x": 602,
                          "y": 333
                        }
                      ]
                    },
                    "confidence": 0.99,
                    "property": {
                      "detectedLanguages": [
                        {
                          "languageCode": "en"
                        }
                      ]
                    },
                    "symbols": [
                      {
                        "boundingBox": {
                          "vertices": [
                            {
                              "x": 601,
                              "y": 214
                            },
                            {
                              "x": 680,
                              "y": 214
                            },
                            {
                              "x": 681,
                              "y": 333
                            },
                            {
                              "x": 602,
                              "y": 333
                            }
                          ]
                        },
                        "confidence": 0.99,
                        "property": {
                          "detectedLanguages": [
                            {
                              "languageCode": "en"
                            }
                          ]
                        },
                        "text": "m"
                      },
                      {
                        "boundingBox": {
                          "vertices": [
                            {
                              "x": 693,
                              "y": 213
                            },
                            {
                              "x": 740,
                              "y": 213
                            },
                            {
                              "x": 741,
                              "y": 332
                            },
                            {
                              "x": 694,
                              "y": 332
                            }
                          ]
                        },
                        "confidence": 1,
                        "property": {
                          "detectedLanguages": [
                            {
                              "languageCode": "en"
                            }
                          ]
                        },
                        "text": "a"
                      },
                      {
                        "boundingBox": {
                          "vertices": [
                            {
                              "x": 757,
                              "y": 213
                            },
                            {
                              "x": 804,
                              "y": 213
                            },
                            {
                              "x": 805,
                              "y": 332
                            },
                            {
                              "x": 758,
                              "y": 332
                            }
                          ]
                        },
                        "confidence": 0.99,
                        "property": {
                          "detectedLanguages": [
                            {
                              "languageCode": "en"
                            }
                          ]
                        },
                        "text": "k"
                      },
                      {
                        "boundingBox": {
                          "vertices": [
                            {
                              "x": 813,
                              "y": 213
                            },
                            {
                              "x": 826,
                              "y": 213
                            },
                            {
                              "x": 827,
                              "y": 332
                            },
                            {
                              "x": 814,
                              "y": 332
                            }
                          ]
                        },
                        "confidence": 0.99,
                        "property": {
                          "detectedLanguages": [
                            {
                              "languageCode": "en"
                            }
                          ]
                        },
                        "text": "i"
                      },
                      {
                        "boundingBox": {
                          "vertices": [
                            {
                              "x": 841,
                              "y": 213
                            },
                            {
                              "x": 890,
                              "y": 213
                            },
                            {
                              "x": 891,
                              "y": 332
                            },
                            {
                              "x": 842,
                              "y": 332
                            }
                          ]
                        },
                        "confidence": 1,
                        "property": {
                          "detectedLanguages": [
                            {
                              "languageCode": "en"
                            }
                          ]
                        },
                        "text": "n"
                      },
                      {
                        "boundingBox": {
                          "vertices": [
                            {
                              "x": 901,
                              "y": 212
                            },
                            {
                              "x": 958,
                              "y": 212
                            },
                            {
                              "x": 959,
                              "y": 331
                            },
                            {
                              "x": 902,
                              "y": 331
                            }
                          ]
                        },
                        "confidence": 1,
                        "property": {
                          "detectedBreak": {
                            "type": "SPACE"
                          },
                          "detectedLanguages": [
                            {
                              "languageCode": "en"
                            }
                          ]
                        },
                        "text": "g"
                      }
                    ]
                  },
                  {
                    "boundingBox": {
                      "vertices": [
                        {
                          "x": 995,
                          "y": 211
                        },
                        {
                          "x": 1104,
                          "y": 210
                        },
                        {
                          "x": 1105,
                          "y": 330
                        },
                        {
                          "x": 996,
                          "y": 331
                        }
                      ]
                    },
                    "confidence": 0.99,
                    "property": {
                      "detectedLanguages": [
                        {
                          "languageCode": "en"
                        }
                      ]
                    },
                    "symbols": [
                      {
                        "boundingBox": {
                          "vertices": [
                            {
                              "x": 995,
                              "y": 212
                            },
                            {
                              "x": 1040,
                              "y": 212
                            },
                            {
                              "x": 1041,
                              "y": 331
                            },
                            {
                              "x": 996,
                              "y": 331
                            }
                          ]
                        },
                        "confidence": 1,
                        "property": {
                          "detectedLanguages": [
                            {
                              "languageCode": "en"
                            }
                          ]
                        },
                        "text": "s"
                      },
                      {
                        "boundingBox": {
                          "vertices": [
                            {
                              "x": 1047,
                              "y": 211
                            },
                            {
                              "x": 1104,
                              "y": 211
                            },
                            {
                              "x": 1105,
                              "y": 330
                            },
                            {
                              "x": 1048,
                              "y": 330
                            }
                          ]
                        },
                        "confidence": 0.98,
                        "property": {
                          "detectedBreak": {
                            "type": "EOL_SURE_SPACE"
                          },
                          "detectedLanguages": [
                            {
                              "languageCode": "en"
                            }
                          ]
                        },
                        "text": "o"
                      }
                    ]
                  },
                  {
                    "boundingBox": {
                      "vertices": [
                        {
                          "x": 303,
                          "y": 333
                        },
                        {
                          "x": 572,
                          "y": 330
                        },
                        {
                          "x": 573,
                          "y": 450
                        },
                        {
                          "x": 304,
                          "y": 453
                        }
                      ]
                    },
                    "confidence": 0.99,
                    "property": {
                      "detectedLanguages": [
                        {
                          "languageCode": "en"
                        }
                      ]
                    },
                    "symbols": [
                      {
                        "boundingBox": {
                          "vertices": [
                            {
                              "x": 303,
                              "y": 333
                            },
                            {
                              "x": 384,
                              "y": 332
                            },
                            {
                              "x": 385,
                              "y": 451
                            },
                            {
                              "x": 304,
                              "y": 452
                            }
                          ]
                        },
                        "confidence": 0.99,
                        "property": {
                          "detectedLanguages": [
                            {
                              "languageCode": "en"
                            }
                          ]
                        },
                        "text": "m"
                      },
                      {
                        "boundingBox": {
                          "vertices": [
                            {
                              "x": 395,
                              "y": 332
                            },
                            {
                              "x": 442,
                              "y": 331
                            },
                            {
                              "x": 443,
                              "y": 450
                            },
                            {
                              "x": 396,
                              "y": 451
                            }
                          ]
                        },
                        "confidence": 1,
                        "property": {
                          "detectedLanguages": [
                            {
                              "languageCode": "en"
                            }
                          ]
                        },
                        "text": "a"
                      },
                      {
                        "boundingBox": {
                          "vertices": [
                            {
                              "x": 457,
                              "y": 332
                            },
                            {
                              "x": 508,
                              "y": 331
                            },
                            {
                              "x": 509,
                              "y": 450
                            },
                            {
                              "x": 458,
                              "y": 451
                            }
                          ]
                        },
                        "confidence": 0.99,
                        "property": {
                          "detectedLanguages": [
                            {
                              "languageCode": "en"
                            }
                          ]
                        },
                        "text": "n"
                      },
                      {
                        "boundingBox": {
                          "vertices": [
                            {
                              "x": 517,
                              "y": 331
                            },
                            {
                              "x": 572,
                              "y": 330
                            },
                            {
                              "x": 573,
                              "y": 449
                            },
                            {
                              "x": 518,
                              "y": 450
                            }
                          ]
                        },
                        "confidence": 0.99,
                        "property": {
                          "detectedBreak": {
                            "type": "SPACE"
                          },
                          "detectedLanguages": [
                            {
                              "languageCode": "en"
                            }
                          ]
                        },
                        "text": "y"
                      }
                    ]
                  },
                  {
                    "boundingBox": {
                      "vertices": [
                        {
                          "x": 593,
                          "y": 330
                        },
                        {
                          "x": 1167,
                          "y": 324
                        },
                        {
                          "x": 1168,
                          "y": 443
                        },
                        {
                          "x": 594,
                          "y": 449
                        }
                      ]
                    },
                    "confidence": 0.99,
                    "property": {
                      "detectedLanguages": [
                        {
                          "languageCode": "en"
                        }
                      ]
                    },
                    "symbols": [
                      {
                        "boundingBox": {
                          "vertices": [
                            {
                              "x": 593,
                              "y": 330
                            },
                            {
                              "x": 671,
                              "y": 329
                            },
                            {
                              "x": 672,
                              "y": 448
                            },
                            {
                              "x": 594,
                              "y": 449
                            }
                          ]
                        },
                        "confidence": 0.99,
                        "property": {
                          "detectedLanguages": [
                            {
                              "languageCode": "en"
                            }
                          ]
                        },
                        "text": "m"
                      },
                      {
                        "boundingBox": {
                          "vertices": [
                            {
                              "x": 696,
                              "y": 329
                            },
                            {
                              "x": 760,
                              "y": 328
                            },
                            {
                              "x": 761,
                              "y": 447
                            },
                            {
                              "x": 697,
                              "y": 448
                            }
                          ]
                        },
                        "confidence": 0.99,
                        "property": {
                          "detectedLanguages": [
                            {
                              "languageCode": "en"
                            }
                          ]
                        },
                        "text": "u"
                      },
                      {
                        "boundingBox": {
                          "vertices": [
                            {
                              "x": 769,
                              "y": 328
                            },
                            {
                              "x": 804,
                              "y": 328
                            },
                            {
                              "x": 805,
                              "y": 447
                            },
                            {
                              "x": 770,
                              "y": 447
                            }
                          ]
                        },
                        "confidence": 0.99,
                        "property": {
                          "detectedLanguages": [
                            {
                              "languageCode": "en"
                            }
                          ]
                        },
                        "text": "l"
                      },
                      {
                        "boundingBox": {
                          "vertices": [
                            {
                              "x": 799,
                              "y": 328
                            },
                            {
                              "x": 824,
                              "y": 328
                            },
                            {
                              "x": 825,
                              "y": 447
                            },
                            {
                              "x": 800,
                              "y": 447
                            }
                          ]
                        },
                        "confidence": 1,
                        "property": {
                          "detectedLanguages": [
                            {
                              "languageCode": "en"
                            }
                          ]
                        },
                        "text": "t"
                      },
                      {
                        "boundingBox": {
                          "vertices": [
                            {
                              "x": 832,
                              "y": 327
                            },
                            {
                              "x": 862,
                              "y": 327
                            },
                            {
                              "x": 863,
                              "y": 446
                            },
                            {
                              "x": 833,
                              "y": 446
                            }
                          ]
                        },
                        "confidence": 1,
                        "property": {
                          "detectedLanguages": [
                            {
                              "languageCode": "en"
                            }
                          ]
                        },
                        "text": "i"
                      },
                      {
                        "boundingBox": {
                          "vertices": [
                            {
                              "x": 864,
                              "y": 327
                            },
                            {
                              "x": 904,
                              "y": 327
                            },
                            {
                              "x": 905,
                              "y": 446
                            },
                            {
                              "x": 865,
                              "y": 446
                            }
                          ]
                        },
                        "confidence": 0.99,
                        "property": {
                          "detectedLanguages": [
                            {
                              "languageCode": "en"
                            }
                          ]
                        },
                        "text": "p"
                      },
                      {
                        "boundingBox": {
                          "vertices": [
                            {
                              "x": 923,
                              "y": 326
                            },
                            {
                              "x": 963,
                              "y": 326
                            },
                            {
                              "x": 964,
                              "y": 445
                            },
                            {
                              "x": 924,
                              "y": 445
                            }
                          ]
                        },
                        "confidence": 1,
                        "property": {
                          "detectedLanguages": [
                            {
                              "languageCode": "en"
                            }
                          ]
                        },
                        "text": "l"
                      },
                      {
                        "boundingBox": {
                          "vertices": [
                            {
                              "x": 960,
                              "y": 326
                            },
                            {
                              "x": 1000,
                              "y": 326
                            },
                            {
                              "x": 1001,
                              "y": 445
                            },
                            {
                              "x": 961,
                              "y": 445
                            }
                          ]
                        },
                        "confidence": 1,
                        "property": {
                          "detectedLanguages": [
                            {
                              "languageCode": "en"
                            }
                          ]
                        },
                        "text": "a"
                      },
                      {
                        "boundingBox": {
                          "vertices": [
                            {
                              "x": 1014,
                              "y": 325
                            },
                            {
                              "x": 1063,
                              "y": 324
                            },
                            {
                              "x": 1064,
                              "y": 443
                            },
                            {
                              "x": 1015,
                              "y": 444
                            }
                          ]
                        },
                        "confidence": 1,
                        "property": {
                          "detectedLanguages": [
                            {
                              "languageCode": "en"
                            }
                          ]
                        },
                        "text": "y"
                      },
                      {
                        "boundingBox": {
                          "vertices": [
                            {
                              "x": 1077,
                              "y": 325
                            },
                            {
                              "x": 1122,
                              "y": 325
                            },
                            {
                              "x": 1123,
                              "y": 443
                            },
                            {
                              "x": 1078,
                              "y": 444
                            }
                          ]
                        },
                        "confidence": 1,
                        "property": {
                          "detectedLanguages": [
                            {
                              "languageCode": "en"
                            }
                          ]
                        },
                        "text": "e"
                      },
                      {
                        "boundingBox": {
                          "vertices": [
                            {
                              "x": 1127,
                              "y": 324
                            },
                            {
                              "x": 1167,
                              "y": 324
                            },
                            {
                              "x": 1168,
                              "y": 443
                            },
                            {
                              "x": 1128,
                              "y": 443
                            }
                          ]
                        },
                        "confidence": 1,
                        "property": {
                          "detectedBreak": {
                            "type": "LINE_BREAK"
                          },
                          "detectedLanguages": [
                            {
                              "languageCode": "en"
                            }
                          ]
                        },
                        "text": "r"
                      }
                    ]
                  }
                ]
              },
              {
                "boundingBox": {
                  "vertices": [
                    {
                      "x": 395,
                      "y": 440
                    },
                    {
                      "x": 1076,
                      "y": 422
                    },
                    {
                      "x": 1082,
                      "y": 648
                    },
                    {
                      "x": 401,
                      "y": 666
                    }
                  ]
                },
                "confidence": 0.98,
                "property": {
                  "detectedLanguages": [
                    {
                      "confidence": 1,
                      "languageCode": "en"
                    }
                  ]
                },
                "words": [
                  {
                    "boundingBox": {
                      "vertices": [
                        {
                          "x": 398,
                          "y": 446
                        },
                        {
                          "x": 714,
                          "y": 435
                        },
                        {
                          "x": 718,
                          "y": 563
                        },
                        {
                          "x": 403,
                          "y": 574
                        }
                      ]
                    },
                    "confidence": 0.99,
                    "property": {
                      "detectedLanguages": [
                        {
                          "languageCode": "en"
                        }
                      ]
                    },
                    "symbols": [
                      {
                        "boundingBox": {
                          "vertices": [
                            {
                              "x": 398,
                              "y": 446
                            },
                            {
                              "x": 451,
                              "y": 444
                            },
                            {
                              "x": 455,
                              "y": 571
                            },
                            {
                              "x": 402,
                              "y": 573
                            }
                          ]
                        },
                        "confidence": 0.99,
                        "property": {
                          "detectedLanguages": [
                            {
                              "languageCode": "en"
                            }
                          ]
                        },
                        "text": "g"
                      },
                      {
                        "boundingBox": {
                          "vertices": [
                            {
                              "x": 465,
                              "y": 444
                            },
                            {
                              "x": 513,
                              "y": 442
                            },
                            {
                              "x": 517,
                              "y": 569
                            },
                            {
                              "x": 469,
                              "y": 571
                            }
                          ]
                        },
                        "confidence": 1,
                        "property": {
                          "detectedLanguages": [
                            {
                              "languageCode": "en"
                            }
                          ]
                        },
                        "text": "a"
                      },
                      {
                        "boundingBox": {
                          "vertices": [
                            {
                              "x": 510,
                              "y": 442
                            },
                            {
                              "x": 572,
                              "y": 440
                            },
                            {
                              "x": 576,
                              "y": 567
                            },
                            {
                              "x": 514,
                              "y": 569
                            }
                          ]
                        },
                        "confidence": 0.99,
                        "property": {
                          "detectedLanguages": [
                            {
                              "languageCode": "en"
                            }
                          ]
                        },
                        "text": "m"
                      },
                      {
                        "boundingBox": {
                          "vertices": [
                            {
                              "x": 610,
                              "y": 439
                            },
                            {
                              "x": 672,
                              "y": 437
                            },
                            {
                              "x": 676,
                              "y": 564
                            },
                            {
                              "x": 614,
                              "y": 566
                            }
                          ]
                        },
                        "confidence": 1,
                        "property": {
                          "detectedLanguages": [
                            {
                              "languageCode": "en"
                            }
                          ]
                        },
                        "text": "e"
                      },
                      {
                        "boundingBox": {
                          "vertices": [
                            {
                              "x": 671,
                              "y": 437
                            },
                            {
                              "x": 714,
                              "y": 435
                            },
                            {
                              "x": 718,
                              "y": 562
                            },
                            {
                              "x": 675,
                              "y": 564
                            }
                          ]
                        },
                        "confidence": 1,
                        "property": {
                          "detectedLanguages": [
                            {
                              "languageCode": "en"
                            }
                          ]
                        },
                        "text": "s"
                      }
                    ]
                  },
                  {
                    "boundingBox": {
                      "vertices": [
                        {
                          "x": 727,
                          "y": 435
                        },
                        {
                          "x": 764,
                          "y": 434
                        },
                        {
                          "x": 768,
                          "y": 561
                        },
                        {
                          "x": 731,
                          "y": 562
                        }
                      ]
                    },
                    "confidence": 0.99,
                    "property": {
                      "detectedLanguages": [
                        {
                          "languageCode": "en"
                        }
                      ]
                    },
                    "symbols": [
                      {
                        "boundingBox": {
                          "vertices": [
                            {
                              "x": 727,
                              "y": 435
                            },
                            {
                              "x": 764,
                              "y": 434
                            },
                            {
                              "x": 768,
                              "y": 561
                            },
                            {
                              "x": 731,
                              "y": 562
                            }
                          ]
                        },
                        "confidence": 0.99,
                        "property": {
                          "detectedBreak": {
                            "type": "SPACE"
                          },
                          "detectedLanguages": [
                            {
                              "languageCode": "en"
                            }
                          ]
                        },
                        "text": "!"
                      }
                    ]
                  },
                  {
                    "boundingBox": {
                      "vertices": [
                        {
                          "x": 775,
                          "y": 433
                        },
                        {
                          "x": 790,
                          "y": 432
                        },
                        {
                          "x": 794,
                          "y": 559
                        },
                        {
                          "x": 779,
                          "y": 560
                        }
                      ]
                    },
                    "confidence": 0.85,
                    "property": {
                      "detectedLanguages": [
                        {
                          "languageCode": "en"
                        }
                      ]
                    },
                    "symbols": [
                      {
                        "boundingBox": {
                          "vertices": [
                            {
                              "x": 775,
                              "y": 433
                            },
                            {
                              "x": 790,
                              "y": 432
                            },
                            {
                              "x": 794,
                              "y": 559
                            },
                            {
                              "x": 779,
                              "y": 560
                            }
                          ]
                        },
                        "confidence": 0.85,
                        "property": {
                          "detectedBreak": {
                            "type": "SPACE"
                          },
                          "detectedLanguages": [
                            {
                              "languageCode": "en"
                            }
                          ]
                        },
                        "text": "I"
                      }
                    ]
                  },
                  {
                    "boundingBox": {
                      "vertices": [
                        {
                          "x": 823,
                          "y": 431
                        },
                        {
                          "x": 1075,
                          "y": 422
                        },
                        {
                          "x": 1079,
                          "y": 550
                        },
                        {
                          "x": 828,
                          "y": 559
                        }
                      ]
                    },
                    "confidence": 0.97,
                    "property": {
                      "detectedLanguages": [
                        {
                          "languageCode": "en"
                        }
                      ]
                    },
                    "symbols": [
                      {
                        "boundingBox": {
                          "vertices": [
                            {
                              "x": 823,
                              "y": 431
                            },
                            {
                              "x": 887,
                              "y": 429
                            },
                            {
                              "x": 891,
                              "y": 556
                            },
                            {
                              "x": 827,
                              "y": 558
                            }
                          ]
                        },
                        "confidence": 0.96,
                        "property": {
                          "detectedLanguages": [
                            {
                              "languageCode": "en"
                            }
                          ]
                        },
                        "text": "d"
                      },
                      {
                        "boundingBox": {
                          "vertices": [
                            {
                              "x": 903,
                              "y": 429
                            },
                            {
                              "x": 947,
                              "y": 427
                            },
                            {
                              "x": 951,
                              "y": 554
                            },
                            {
                              "x": 907,
                              "y": 556
                            }
                          ]
                        },
                        "confidence": 0.98,
                        "property": {
                          "detectedLanguages": [
                            {
                              "languageCode": "en"
                            }
                          ]
                        },
                        "text": "o"
                      },
                      {
                        "boundingBox": {
                          "vertices": [
                            {
                              "x": 968,
                              "y": 426
                            },
                            {
                              "x": 1008,
                              "y": 425
                            },
                            {
                              "x": 1012,
                              "y": 552
                            },
                            {
                              "x": 972,
                              "y": 553
                            }
                          ]
                        },
                        "confidence": 0.99,
                        "property": {
                          "detectedLanguages": [
                            {
                              "languageCode": "en"
                            }
                          ]
                        },
                        "text": "n"
                      },
                      {
                        "boundingBox": {
                          "vertices": [
                            {
                              "x": 1022,
                              "y": 424
                            },
                            {
                              "x": 1055,
                              "y": 423
                            },
                            {
                              "x": 1059,
                              "y": 550
                            },
                            {
                              "x": 1026,
                              "y": 551
                            }
                          ]
                        },
                        "confidence": 0.97,
                        "property": {
                          "detectedLanguages": [
                            {
                              "languageCode": "en"
                            }
                          ]
                        },
                        "text": "'"
                      },
                      {
                        "boundingBox": {
                          "vertices": [
                            {
                              "x": 1066,
                              "y": 423
                            },
                            {
                              "x": 1075,
                              "y": 423
                            },
                            {
                              "x": 1079,
                              "y": 550
                            },
                            {
                              "x": 1070,
                              "y": 550
                            }
                          ]
                        },
                        "confidence": 0.98,
                        "property": {
                          "detectedBreak": {
                            "type": "EOL_SURE_SPACE"
                          },
                          "detectedLanguages": [
                            {
                              "languageCode": "en"
                            }
                          ]
                        },
                        "text": "t"
                      }
                    ]
                  },
                  {
                    "boundingBox": {
                      "vertices": [
                        {
                          "x": 400,
                          "y": 551
                        },
                        {
                          "x": 650,
                          "y": 549
                        },
                        {
                          "x": 651,
                          "y": 653
                        },
                        {
                          "x": 401,
                          "y": 655
                        }
                      ]
                    },
                    "confidence": 0.99,
                    "property": {
                      "detectedLanguages": [
                        {
                          "languageCode": "en"
                        }
                      ]
                    },
                    "symbols": [
                      {
                        "boundingBox": {
                          "vertices": [
                            {
                              "x": 400,
                              "y": 552
                            },
                            {
                              "x": 471,
                              "y": 551
                            },
                            {
                              "x": 472,
                              "y": 654
                            },
                            {
                              "x": 401,
                              "y": 655
                            }
                          ]
                        },
                        "confidence": 0.99,
                        "property": {
                          "detectedLanguages": [
                            {
                              "languageCode": "en"
                            }
                          ]
                        },
                        "text": "h"
                      },
                      {
                        "boundingBox": {
                          "vertices": [
                            {
                              "x": 483,
                              "y": 551
                            },
                            {
                              "x": 530,
                              "y": 551
                            },
                            {
                              "x": 531,
                              "y": 654
                            },
                            {
                              "x": 484,
                              "y": 654
                            }
                          ]
                        },
                        "confidence": 0.99,
                        "property": {
                          "detectedLanguages": [
                            {
                              "languageCode": "en"
                            }
                          ]
                        },
                        "text": "a"
                      },
                      {
                        "boundingBox": {
                          "vertices": [
                            {
                              "x": 539,
                              "y": 550
                            },
                            {
                              "x": 590,
                              "y": 550
                            },
                            {
                              "x": 591,
                              "y": 653
                            },
                            {
                              "x": 540,
                              "y": 653
                            }
                          ]
                        },
                        "confidence": 0.99,
                        "property": {
                          "detectedLanguages": [
                            {
                              "languageCode": "en"
                            }
                          ]
                        },
                        "text": "v"
                      },
                      {
                        "boundingBox": {
                          "vertices": [
                            {
                              "x": 599,
                              "y": 550
                            },
                            {
                              "x": 650,
                              "y": 550
                            },
                            {
                              "x": 651,
                              "y": 653
                            },
                            {
                              "x": 600,
                              "y": 653
                            }
                          ]
                        },
                        "confidence": 1,
                        "property": {
                          "detectedBreak": {
                            "type": "SPACE"
                          },
                          "detectedLanguages": [
                            {
                              "languageCode": "en"
                            }
                          ]
                        },
                        "text": "e"
                      }
                    ]
                  },
                  {
                    "boundingBox": {
                      "vertices": [
                        {
                          "x": 683,
                          "y": 549
                        },
                        {
                          "x": 1018,
                          "y": 546
                        },
                        {
                          "x": 1019,
                          "y": 649
                        },
                        {
                          "x": 684,
                          "y": 652
                        }
                      ]
                    },
                    "confidence": 0.98,
                    "property": {
                      "detectedLanguages": [
                        {
                          "languageCode": "en"
                        }
                      ]
                    },
                    "symbols": [
                      {
                        "boundingBox": {
                          "vertices": [
                            {
                              "x": 683,
                              "y": 549
                            },
                            {
                              "x": 710,
                              "y": 549
                            },
                            {
                              "x": 711,
                              "y": 652
                            },
                            {
                              "x": 684,
                              "y": 652
                            }
                          ]
                        },
                        "confidence": 0.99,
                        "property": {
                          "detectedLanguages": [
                            {
                              "languageCode": "en"
                            }
                          ]
                        },
                        "text": "f"
                      },
                      {
                        "boundingBox": {
                          "vertices": [
                            {
                              "x": 719,
                              "y": 549
                            },
                            {
                              "x": 746,
                              "y": 549
                            },
                            {
                              "x": 747,
                              "y": 652
                            },
                            {
                              "x": 720,
                              "y": 652
                            }
                          ]
                        },
                        "confidence": 0.99,
                        "property": {
                          "detectedLanguages": [
                            {
                              "languageCode": "en"
                            }
                          ]
                        },
                        "text": "r"
                      },
                      {
                        "boundingBox": {
                          "vertices": [
                            {
                              "x": 755,
                              "y": 548
                            },
                            {
                              "x": 766,
                              "y": 548
                            },
                            {
                              "x": 767,
                              "y": 651
                            },
                            {
                              "x": 756,
                              "y": 651
                            }
                          ]
                        },
                        "confidence": 1,
                        "property": {
                          "detectedLanguages": [
                            {
                              "languageCode": "en"
                            }
                          ]
                        },
                        "text": "i"
                      },
                      {
                        "boundingBox": {
                          "vertices": [
                            {
                              "x": 779,
                              "y": 548
                            },
                            {
                              "x": 830,
                              "y": 548
                            },
                            {
                              "x": 831,
                              "y": 651
                            },
                            {
                              "x": 780,
                              "y": 651
                            }
                          ]
                        },
                        "confidence": 1,
                        "property": {
                          "detectedLanguages": [
                            {
                              "languageCode": "en"
                            }
                          ]
                        },
                        "text": "e"
                      },
                      {
                        "boundingBox": {
                          "vertices": [
                            {
                              "x": 843,
                              "y": 548
                            },
                            {
                              "x": 894,
                              "y": 548
                            },
                            {
                              "x": 895,
                              "y": 651
                            },
                            {
                              "x": 844,
                              "y": 651
                            }
                          ]
                        },
                        "confidence": 1,
                        "property": {
                          "detectedLanguages": [
                            {
                              "languageCode": "en"
                            }
                          ]
                        },
                        "text": "n"
                      },
                      {
                        "boundingBox": {
                          "vertices": [
                            {
                              "x": 903,
                              "y": 547
                            },
                            {
                              "x": 962,
                              "y": 547
                            },
                            {
                              "x": 963,
                              "y": 649
                            },
                            {
                              "x": 904,
                              "y": 650
                            }
                          ]
                        },
                        "confidence": 0.99,
                        "property": {
                          "detectedLanguages": [
                            {
                              "languageCode": "en"
                            }
                          ]
                        },
                        "text": "d"
                      },
                      {
                        "boundingBox": {
                          "vertices": [
                            {
                              "x": 975,
                              "y": 547
                            },
                            {
                              "x": 1018,
                              "y": 547
                            },
                            {
                              "x": 1019,
                              "y": 650
                            },
                            {
                              "x": 976,
                              "y": 650
                            }
                          ]
                        },
                        "confidence": 0.9,
                        "property": {
                          "detectedBreak": {
                            "type": "LINE_BREAK"
                          },
                          "detectedLanguages": [
                            {
                              "languageCode": "en"
                            }
                          ]
                        },
                        "text": "s"
                      }
                    ]
                  }
                ]
              }
            ],
            "property": {
              "detectedLanguages": [
                {
                  "confidence": 1,
                  "languageCode": "en"
                }
              ]
            }
          },
          {
            "blockType": "TEXT",
            "boundingBox": {
              "vertices": [
                {
                  "x": 578,
                  "y": 770
                },
                {
                  "x": 573,
                  "y": 991
                },
                {
                  "x": 378,
                  "y": 986
                },
                {
                  "x": 383,
                  "y": 765
                }
              ]
            },
            "confidence": 0.64,
            "paragraphs": [
              {
                "boundingBox": {
                  "vertices": [
                    {
                      "x": 578,
                      "y": 770
                    },
                    {
                      "x": 573,
                      "y": 991
                    },
                    {
                      "x": 378,
                      "y": 986
                    },
                    {
                      "x": 383,
                      "y": 765
                    }
                  ]
                },
                "confidence": 0.64,
                "words": [
                  {
                    "boundingBox": {
                      "vertices": [
                        {
                          "x": 578,
                          "y": 770
                        },
                        {
                          "x": 573,
                          "y": 991
                        },
                        {
                          "x": 378,
                          "y": 986
                        },
                        {
                          "x": 383,
                          "y": 765
                        }
                      ]
                    },
                    "confidence": 0.64,
                    "symbols": [
                      {
                        "boundingBox": {
                          "vertices": [
                            {
                              "x": 573,
                              "y": 958
                            },
                            {
                              "x": 572,
                              "y": 991
                            },
                            {
                              "x": 378,
                              "y": 986
                            },
                            {
                              "x": 379,
                              "y": 953
                            }
                          ]
                        },
                        "confidence": 0.38,
                        "text": "ب"
                      },
                      {
                        "boundingBox": {
                          "vertices": [
                            {
                              "x": 574,
                              "y": 902
                            },
                            {
                              "x": 572,
                              "y": 967
                            },
                            {
                              "x": 378,
                              "y": 962
                            },
                            {
                              "x": 380,
                              "y": 897
                            }
                          ]
                        },
                        "confidence": 0.81,
                        "text": "ر"
                      },
                      {
                        "boundingBox": {
                          "vertices": [
                            {
                              "x": 578,
                              "y": 770
                            },
                            {
                              "x": 576,
                              "y": 867
                            },
                            {
                              "x": 382,
                              "y": 862
                            },
                            {
                              "x": 384,
                              "y": 765
                            }
                          ]
                        },
                        "confidence": 0.75,
                        "property": {
                          "detectedBreak": {
                            "type": "LINE_BREAK"
                          }
                        },
                        "text": "ا"
                      }
                    ]
                  }
                ]
              }
            ]
          }
        ],
        "height": 1044,
        "property": {
          "detectedLanguages": [
            {
              "confidence": 0.94,
              "languageCode": "en"
            }
          ]
        },
        "width": 1482
      }
    ],
    "text": "stop making so\nmany multiplayer\ngames! I don't\nhave friends\nبرا\n"
  },
  "imagePropertiesAnnotation": {
    "cropHints": [
      {
        "boundingPoly": {
          "vertices": [
            {
              "x": 323
            },
            {
              "x": 1158
            },
            {
              "x": 1158,
              "y": 1043
            },
            {
              "x": 323,
              "y": 1043
            }
          ]
        },
        "confidence": 0.5926303,
        "importanceFraction": 1
      },
      {
        "boundingPoly": {
          "vertices": [
            {
              "x": 218
            },
            {
              "x": 1263
            },
            {
              "x": 1263,
              "y": 1043
            },
            {
              "x": 218,
              "y": 1043
            }
          ]
        },
        "confidence": 0.47410423,
        "importanceFraction": 1
      },
      {
        "boundingPoly": {
          "vertices": [
            {
              "x": 114
            },
            {
              "x": 1367
            },
            {
              "x": 1367,
              "y": 1043
            },
            {
              "x": 114,
              "y": 1043
            }
          ]
        },
        "confidence": 0.39508685,
        "importanceFraction": 1
      }
    ],
    "dominantColors": {
      "colors": [
        {
          "color": {
            "blue": 214,
            "green": 203,
            "red": 204
          },
          "hex": "CCCBD6",
          "percent": 41.053089078308794,
          "percentRounded": 41,
          "pixelFraction": 0.26238993,
          "rgb": "204, 203,\n 214",
          "score": 0.31403416
        },
        {
          "color": {
            "blue": 22,
            "green": 12,
            "red": 91
          },
          "hex": "5B0C16",
          "percent": 20.189794182625796,
          "percentRounded": 20,
          "pixelFraction": 0.1808176,
          "rgb": "91, 12,\n 22",
          "score": 0.15444112
        },
        {
          "color": {
            "blue": 125,
            "green": 121,
            "red": 124
          },
          "hex": "7C797D",
          "percent": 10.014826130050391,
          "percentRounded": 10,
          "pixelFraction": 0.070566036,
          "rgb": "124, 121,\n 125",
          "score": 0.07660806
        },
        {
          "color": {
            "blue": 21,
            "green": 19,
            "red": 23
          },
          "hex": "171315",
          "percent": 7.510163321486144,
          "percentRounded": 8,
          "pixelFraction": 0.05345912,
          "rgb": "23, 19,\n 21",
          "score": 0.05744873
        },
        {
          "color": {
            "blue": 60,
            "green": 154,
            "red": 185
          },
          "hex": "B99A3C",
          "percent": 2.2915511671919573,
          "percentRounded": 2,
          "pixelFraction": 0.0034591195,
          "rgb": "185, 154,\n 60",
          "score": 0.01752914
        },
        {
          "color": {
            "blue": 37,
            "green": 180,
            "red": 215
          },
          "hex": "D7B425",
          "percent": 2.1261035139995133,
          "percentRounded": 2,
          "pixelFraction": 0.0021383648,
          "rgb": "215, 180,\n 37",
          "score": 0.016263554
        },
        {
          "color": {
            "blue": 9,
            "green": 41,
            "red": 171
          },
          "hex": "AB2909",
          "percent": 0.4886751551618747,
          "percentRounded": 0,
          "pixelFraction": 0.00050314463,
          "rgb": "171, 41,\n 9",
          "score": 0.0037381034
        },
        {
          "color": {
            "blue": 229,
            "green": 220,
            "red": 222
          },
          "hex": "DEDCE5",
          "percent": 6.17436137170048,
          "percentRounded": 6,
          "pixelFraction": 0.04371069,
          "rgb": "222, 220,\n 229",
          "score": 0.04723056
        },
        {
          "color": {
            "blue": 88,
            "green": 86,
            "red": 86
          },
          "hex": "565658",
          "percent": 6.08415676030869,
          "percentRounded": 6,
          "pixelFraction": 0.041132074,
          "rgb": "86, 86,\n 88",
          "score": 0.046540543
        },
        {
          "color": {
            "blue": 24,
            "green": 16,
            "red": 48
          },
          "hex": "301018",
          "percent": 4.067279319166339,
          "percentRounded": 4,
          "pixelFraction": 0.013081761,
          "rgb": "48, 16,\n 24",
          "score": 0.03111251
        }
      ]
    }
  },
  "labelAnnotations": [
    {
      "description": "Font",
      "mid": "/m/03gq5hm",
      "score": 0.847114,
      "topicality": 0.847114
    },
    {
      "description": "Curtain",
      "mid": "/m/03rszm",
      "score": 0.7707848,
      "topicality": 0.7707848
    },
    {
      "description": "Poster",
      "mid": "/m/01n5jq",
      "score": 0.7382826,
      "topicality": 0.7382826
    },
    {
      "description": "Signage",
      "mid": "/m/0bkqqh",
      "score": 0.72016674,
      "topicality": 0.72016674
    },
    {
      "description": "Event",
      "mid": "/m/081pkj",
      "score": 0.7025276,
      "topicality": 0.7025276
    },
    {
      "description": "Rectangle",
      "mid": "/m/0j62f",
      "score": 0.6840693,
      "topicality": 0.6840693
    },
    {
      "description": "Advertising",
      "mid": "/m/011s0",
      "score": 0.67285913,
      "topicality": 0.67285913
    },
    {
      "description": "Room",
      "mid": "/m/06ht1",
      "score": 0.5969369,
      "topicality": 0.5969369
    },
    {
      "description": "Sign",
      "mid": "/m/06zsq",
      "score": 0.56391585,
      "topicality": 0.56391585
    },
    {
      "description": "Happy",
      "mid": "/m/016pp7",
      "score": 0.54477036,
      "topicality": 0.54477036
    },
    {
      "description": "Banner",
      "mid": "/m/0m9cj",
      "score": 0.52875876,
      "topicality": 0.52875876
    },
    {
      "description": "Fiction",
      "mid": "/m/02xlf",
      "score": 0.51342124,
      "topicality": 0.51342124
    }
  ],
  "localizedObjectAnnotations": [
    {
      "boundingPoly": {
        "normalizedVertices": [
          {
            "x": 0.02203273,
            "y": 0.049101334
          },
          {
            "x": 0.9682618,
            "y": 0.049101334
          },
          {
            "x": 0.9682618,
            "y": 0.95575434
          },
          {
            "x": 0.02203273,
            "y": 0.95575434
          }
        ]
      },
      "mid": "/j/5qg9b8",
      "name": "Packaged goods",
      "score": 0.5274222
    }
  ],
  "safeSearchAnnotation": {
    "adult": "VERY_UNLIKELY",
    "medical": "UNLIKELY",
    "racy": "VERY_UNLIKELY",
    "spoof": "POSSIBLE",
    "violence": "VERY_UNLIKELY"
  },
  "textAnnotations": [
    {
      "boundingPoly": {
        "vertices": [
          {
            "x": 303,
            "y": 210
          },
          {
            "x": 1168,
            "y": 210
          },
          {
            "x": 1168,
            "y": 991
          },
          {
            "x": 303,
            "y": 991
          }
        ]
      },
      "description": "stop making so\nmany multiplayer\ngames! I don't\nhave friends\nبرا\n",
      "locale": "en"
    },
    {
      "boundingPoly": {
        "vertices": [
          {
            "x": 355,
            "y": 215
          },
          {
            "x": 566,
            "y": 214
          },
          {
            "x": 567,
            "y": 334
          },
          {
            "x": 356,
            "y": 335
          }
        ]
      },
      "description": "stop"
    },
    {
      "boundingPoly": {
        "vertices": [
          {
            "x": 601,
            "y": 214
          },
          {
            "x": 958,
            "y": 212
          },
          {
            "x": 959,
            "y": 331
          },
          {
            "x": 602,
            "y": 333
          }
        ]
      },
      "description": "making"
    },
    {
      "boundingPoly": {
        "vertices": [
          {
            "x": 995,
            "y": 211
          },
          {
            "x": 1104,
            "y": 210
          },
          {
            "x": 1105,
            "y": 330
          },
          {
            "x": 996,
            "y": 331
          }
        ]
      },
      "description": "so"
    },
    {
      "boundingPoly": {
        "vertices": [
          {
            "x": 303,
            "y": 333
          },
          {
            "x": 572,
            "y": 330
          },
          {
            "x": 573,
            "y": 450
          },
          {
            "x": 304,
            "y": 453
          }
        ]
      },
      "description": "many"
    },
    {
      "boundingPoly": {
        "vertices": [
          {
            "x": 593,
            "y": 330
          },
          {
            "x": 1167,
            "y": 324
          },
          {
            "x": 1168,
            "y": 443
          },
          {
            "x": 594,
            "y": 449
          }
        ]
      },
      "description": "multiplayer"
    },
    {
      "boundingPoly": {
        "vertices": [
          {
            "x": 398,
            "y": 446
          },
          {
            "x": 714,
            "y": 435
          },
          {
            "x": 718,
            "y": 563
          },
          {
            "x": 403,
            "y": 574
          }
        ]
      },
      "description": "games"
    },
    {
      "boundingPoly": {
        "vertices": [
          {
            "x": 727,
            "y": 435
          },
          {
            "x": 764,
            "y": 434
          },
          {
            "x": 768,
            "y": 561
          },
          {
            "x": 731,
            "y": 562
          }
        ]
      },
      "description": "!"
    },
    {
      "boundingPoly": {
        "vertices": [
          {
            "x": 775,
            "y": 433
          },
          {
            "x": 790,
            "y": 432
          },
          {
            "x": 794,
            "y": 559
          },
          {
            "x": 779,
            "y": 560
          }
        ]
      },
      "description": "I"
    },
    {
      "boundingPoly": {
        "vertices": [
          {
            "x": 823,
            "y": 431
          },
          {
            "x": 1075,
            "y": 422
          },
          {
            "x": 1079,
            "y": 550
          },
          {
            "x": 828,
            "y": 559
          }
        ]
      },
      "description": "don't"
    },
    {
      "boundingPoly": {
        "vertices": [
          {
            "x": 400,
            "y": 551
          },
          {
            "x": 650,
            "y": 549
          },
          {
            "x": 651,
            "y": 653
          },
          {
            "x": 401,
            "y": 655
          }
        ]
      },
      "description": "have"
    },
    {
      "boundingPoly": {
        "vertices": [
          {
            "x": 683,
            "y": 549
          },
          {
            "x": 1018,
            "y": 546
          },
          {
            "x": 1019,
            "y": 649
          },
          {
            "x": 684,
            "y": 652
          }
        ]
      },
      "description": "friends"
    },
    {
      "boundingPoly": {
        "vertices": [
          {
            "x": 578,
            "y": 770
          },
          {
            "x": 573,
            "y": 991
          },
          {
            "x": 378,
            "y": 986
          },
          {
            "x": 383,
            "y": 765
          }
        ]
      },
      "description": "برا"
    }
  ]
}
