{
  "cropHintsAnnotation": {
    "cropHints": [
      {
        "boundingPoly": {
          "vertices": [
            {
              "x": 131
            },
            {
              "x": 501
            },
            {
              "x": 501,
              "y": 462
            },
            {
              "x": 131,
              "y": 462
            }
          ]
        },
        "confidence": 0.74767154,
        "importanceFraction": 1
      },
      {
        "boundingPoly": {
          "vertices": [
            {
              "x": 84
            },
            {
              "x": 548
            },
            {
              "x": 548,
              "y": 462
            },
            {
              "x": 84,
              "y": 462
            }
          ]
        },
        "confidence": 0.5981371,
        "importanceFraction": 1
      },
      {
        "boundingPoly": {
          "vertices": [
            {
              "x": 38
            },
            {
              "x": 594
            },
            {
              "x": 594,
              "y": 462
            },
            {
              "x": 38,
              "y": 462
            }
          ]
        },
        "confidence": 0.49844763,
        "importanceFraction": 1
      }
    ]
  },
  "fullTextAnnotation": {
    "pages": [
      {
        "blocks": [
          {
            "blockType": "TEXT",
            "boundingBox": {
              "vertices": [
                {
                  "x": 179,
                  "y": 111
                },
                {
                  "x": 449,
                  "y": 111
                },
                {
                  "x": 449,
                  "y": 131
                },
                {
                  "x": 179,
                  "y": 131
                }
              ]
            },
            "confidence": 0.99,
            "paragraphs": [
              {
                "boundingBox": {
                  "vertices": [
                    {
                      "x": 179,
                      "y": 111
                    },
                    {
                      "x": 449,
                      "y": 111
                    },
                    {
                      "x": 449,
                      "y": 131
                    },
                    {
                      "x": 179,
                      "y": 131
                    }
                  ]
                },
                "confidence": 0.99,
                "property": {
                  "detectedLanguages": [
                    {
                      "confidence": 1,
                      "languageCode": "en"
                    }
                  ]
                },
                "words": [
                  {
                    "boundingBox": {
                      "vertices": [
                        {
                          "x": 179,
                          "y": 111
                        },
                        {
                          "x": 259,
                          "y": 111
                        },
                        {
                          "x": 259,
                          "y": 131
                        },
                        {
                          "x": 179,
                          "y": 131
                        }
                      ]
                    },
                    "confidence": 0.99,
                    "property": {
                      "detectedLanguages": [
                        {
                          "languageCode": "en"
                        }
                      ]
                    },
                    "symbols": [
                      {
                        "boundingBox": {
                          "vertices": [
                            {
                              "x": 179,
                              "y": 111
                            },
                            {
                              "x": 190,
                              "y": 111
                            },
                            {
                              "x": 190,
                              "y": 131
                            },
                            {
                              "x": 179,
                              "y": 131
                            }
                          ]
                        },
                        "confidence": 0.99,
                        "property": {
                          "detectedLanguages": [
                            {
                              "languageCode": "en"
                            }
                          ]
                        },
                        "text": "R"
                      },
                      {
                        "boundingBox": {
                          "vertices": [
                            {
                              "x": 192,
                              "y": 111
                            },
                            {
                              "x": 201,
                              "y": 111
                            },
                            {
                              "x": 201,
                              "y": 131
                            },
                            {
                              "x": 192,
                              "y": 131
                            }
                          ]
                        },
                        "confidence": 0.99,
                        "property": {
                          "detectedLanguages": [
                            {
                              "languageCode": "en"
                            }
                          ]
                        },
                        "text": "e"
                      },
                      {
                        "boundingBox": {
                          "vertices": [
                            {
                              "x": 204,
                              "y": 111
                            },
                            {
                              "x": 212,
                              "y": 111
                            },
                            {
                              "x": 212,
                              "y": 131
                            },
                            {
                              "x": 204,
                              "y": 131
                            }
                          ]
                        },
                        "confidence": 1,
                        "property": {
                          "detectedLanguages": [
                            {
                              "languageCode": "en"
                            }
                          ]
                        },
                        "text": "a"
                      },
                      {
                        "boundingBox": {
                          "vertices": [
                            {
                              "x": 216,
                              "y": 111
                            },
                            {
                              "x": 223,
                              "y": 111
                            },
                            {
                              "x": 223,
                              "y": 131
                            },
                            {
                              "x": 216,
                              "y": 131
                            }
                          ]
                        },
                        "confidence": 0.99,
                        "property": {
                          "detectedLanguages": [
                            {
                              "languageCode": "en"
                            }
                          ]
                        },
                        "text": "s"
                      },
                      {
                        "boundingBox": {
                          "vertices": [
                            {
                              "x": 226,
                              "y": 111
                            },
                            {
                              "x": 235,
                              "y": 111
                            },
                            {
                              "x": 235,
                              "y": 131
                            },
                            {
                              "x": 226,
                              "y": 131
                            }
                          ]
                        },
                        "confidence": 1,
                        "property": {
                          "detectedLanguages": [
                            {
                              "languageCode": "en"
                            }
                          ]
                        },
                        "text": "o"
                      },
                      {
                        "boundingBox": {
                          "vertices": [
                            {
                              "x": 239,
                              "y": 111
                            },
                            {
                              "x": 247,
                              "y": 111
                            },
                            {
                              "x": 247,
                              "y": 131
                            },
                            {
                              "x": 239,
                              "y": 131
                            }
                          ]
                        },
                        "confidence": 1,
                        "property": {
                          "detectedLanguages": [
                            {
                              "languageCode": "en"
                            }
                          ]
                        },
                        "text": "n"
                      },
                      {
                        "boundingBox": {
                          "vertices": [
                            {
                              "x": 251,
                              "y": 111
                            },
                            {
                              "x": 259,
                              "y": 111
                            },
                            {
                              "x": 259,
                              "y": 131
                            },
                            {
                              "x": 251,
                              "y": 131
                            }
                          ]
                        },
                        "confidence": 1,
                        "property": {
                          "detectedBreak": {
                            "type": "SPACE"
                          },
                          "detectedLanguages": [
                            {
                              "languageCode": "en"
                            }
                          ]
                        },
                        "text": "s"
                      }
                    ]
                  },
                  {
                    "boundingBox": {
                      "vertices": [
                        {
                          "x": 268,
                          "y": 111
                        },
                        {
                          "x": 286,
                          "y": 111
                        },
                        {
                          "x": 286,
                          "y": 131
                        },
                        {
                          "x": 268,
                          "y": 131
                        }
                      ]
                    },
                    "confidence": 0.99,
                    "property": {
                      "detectedLanguages": [
                        {
                          "languageCode": "en"
                        }
                      ]
                    },
                    "symbols": [
                      {
                        "boundingBox": {
                          "vertices": [
                            {
                              "x": 268,
                              "y": 111
                            },
                            {
                              "x": 274,
                              "y": 111
                            },
                            {
                              "x": 274,
                              "y": 131
                            },
                            {
                              "x": 268,
                              "y": 131
                            }
                          ]
                        },
                        "confidence": 0.99,
                        "property": {
                          "detectedLanguages": [
                            {
                              "languageCode": "en"
                            }
                          ]
                        },
                        "text": "t"
                      },
                      {
                        "boundingBox": {
                          "vertices": [
                            {
                              "x": 276,
                              "y": 111
                            },
                            {
                              "x": 286,
                              "y": 111
                            },
                            {
                              "x": 286,
                              "y": 131
                            },
                            {
                              "x": 276,
                              "y": 131
                            }
                          ]
                        },
                        "confidence": 1,
                        "property": {
                          "detectedBreak": {
                            "type": "SPACE"
                          },
                          "detectedLanguages": [
                            {
                              "languageCode": "en"
                            }
                          ]
                        },
                        "text": "o"
                      }
                    ]
                  },
                  {
                    "boundingBox": {
                      "vertices": [
                        {
                          "x": 296,
                          "y": 111
                        },
                        {
                          "x": 371,
                          "y": 111
                        },
                        {
                          "x": 371,
                          "y": 131
                        },
                        {
                          "x": 296,
                          "y": 131
                        }
                      ]
                    },
                    "confidence": 0.99,
                    "property": {
                      "detectedLanguages": [
                        {
                          "languageCode": "en"
                        }
                      ]
                    },
                    "symbols": [
                      {
                        "boundingBox": {
                          "vertices": [
                            {
                              "x": 296,
                              "y": 111
                            },
                            {
                              "x": 304,
                              "y": 111
                            },
                            {
                              "x": 304,
                              "y": 131
                            },
                            {
                              "x": 296,
                              "y": 131
                            }
                          ]
                        },
                        "confidence": 0.99,
                        "property": {
                          "detectedLanguages": [
                            {
                              "languageCode": "en"
                            }
                          ]
                        },
                        "text": "e"
                      },
                      {
                        "boundingBox": {
                          "vertices": [
                            {
                              "x": 307,
                              "y": 111
                            },
                            {
                              "x": 316,
                              "y": 111
                            },
                            {
                              "x": 316,
                              "y": 131
                            },
                            {
                              "x": 307,
                              "y": 131
                            }
                          ]
                        },
                        "confidence": 0.99,
                        "property": {
                          "detectedLanguages": [
                            {
                              "languageCode": "en"
                            }
                          ]
                        },
                        "text": "x"
                      },
                      {
                        "boundingBox": {
                          "vertices": [
                            {
                              "x": 319,
                              "y": 111
                            },
                            {
                              "x": 328,
                              "y": 111
                            },
                            {
                              "x": 328,
                              "y": 131
                            },
                            {
                              "x": 319,
                              "y": 131
                            }
                          ]
                        },
                        "confidence": 0.99,
                        "property": {
                          "detectedLanguages": [
                            {
                              "languageCode": "en"
                            }
                          ]
                        },
                        "text": "e"
                      },
                      {
                        "boundingBox": {
                          "vertices": [
                            {
                              "x": 331,
                              "y": 111
                            },
                            {
                              "x": 339,
                              "y": 111
                            },
                            {
                              "x": 339,
                              "y": 131
                            },
                            {
                              "x": 331,
                              "y": 131
                            }
                          ]
                        },
                        "confidence": 0.99,
                        "property": {
                          "detectedLanguages": [
                            {
                              "languageCode": "en"
                            }
                          ]
                        },
                        "text": "c"
                      },
                      {
                        "boundingBox": {
                          "vertices": [
                            {
                              "x": 342,
                              "y": 111
                            },
                            {
                              "x": 351,
                              "y": 111
                            },
                            {
                              "x": 351,
                              "y": 131
                            },
                            {
                              "x": 342,
                              "y": 131
                            }
                          ]
                        },
                        "confidence": 1,
                        "property": {
                          "detectedLanguages": [
                            {
                              "languageCode": "en"
                            }
                          ]
                        },
                        "text": "u"
                      },
                      {
                        "boundingBox": {
                          "vertices": [
                            {
                              "x": 354,
                              "y": 111
                            },
                            {
                              "x": 360,
                              "y": 111
                            },
                            {
                              "x": 360,
                              "y": 131
                            },
                            {
                              "x": 354,
                              "y": 131
                            }
                          ]
                        },
                        "confidence": 1,
                        "property": {
                          "detectedLanguages": [
                            {
                              "languageCode": "en"
                            }
                          ]
                        },
                        "text": "t"
                      },
                      {
                        "boundingBox": {
                          "vertices": [
                            {
                              "x": 362,
                              "y": 111
                            },
                            {
                              "x": 371,
                              "y": 111
                            },
                            {
                              "x": 371,
                              "y": 131
                            },
                            {
                              "x": 362,
                              "y": 131
                            }
                          ]
                        },
                        "confidence": 1,
                        "property": {
                          "detectedBreak": {
                            "type": "SPACE"
                          },
                          "detectedLanguages": [
                            {
                              "languageCode": "en"
                            }
                          ]
                        },
                        "text": "e"
                      }
                    ]
                  },
                  {
                    "boundingBox": {
                      "vertices": [
                        {
                          "x": 382,
                          "y": 111
                        },
                        {
                          "x": 449,
                          "y": 111
                        },
                        {
                          "x": 449,
                          "y": 131
                        },
                        {
                          "x": 382,
                          "y": 131
                        }
                      ]
                    },
                    "confidence": 0.99,
                    "property": {
                      "detectedLanguages": [
                        {
                          "languageCode": "en"
                        }
                      ]
                    },
                    "symbols": [
                      {
                        "boundingBox": {
                          "vertices": [
                            {
                              "x": 382,
                              "y": 111
                            },
                            {
                              "x": 383,
                              "y": 111
                            },
                            {
                              "x": 383,
                              "y": 131
                            },
                            {
                              "x": 382,
                              "y": 131
                            }
                          ]
                        },
                        "confidence": 0.99,
                        "property": {
                          "detectedLanguages": [
                            {
                              "languageCode": "en"
                            }
                          ]
                        },
                        "text": "i"
                      },
                      {
                        "boundingBox": {
                          "vertices": [
                            {
                              "x": 387,
                              "y": 111
                            },
                            {
                              "x": 395,
                              "y": 111
                            },
                            {
                              "x": 395,
                              "y": 131
                            },
                            {
                              "x": 387,
                              "y": 131
                            }
                          ]
                        },
                        "confidence": 1,
                        "property": {
                          "detectedLanguages": [
                            {
                              "languageCode": "en"
                            }
                          ]
                        },
                        "text": "n"
                      },
                      {
                        "boundingBox": {
                          "vertices": [
                            {
                              "x": 399,
                              "y": 111
                            },
                            {
                              "x": 405,
                              "y": 111
                            },
                            {
                              "x": 405,
                              "y": 131
                            },
                            {
                              "x": 399,
                              "y": 131
                            }
                          ]
                        },
                        "confidence": 0.99,
                        "property": {
                          "detectedLanguages": [
                            {
                              "languageCode": "en"
                            }
                          ]
                        },
                        "text": "f"
                      },
                      {
                        "boundingBox": {
                          "vertices": [
                            {
                              "x": 407,
                              "y": 111
                            },
                            {
                              "x": 408,
                              "y": 111
                            },
                            {
                              "x": 408,
                              "y": 131
                            },
                            {
                              "x": 407,
                              "y": 131
                            }
                          ]
                        },
                        "confidence": 0.99,
                        "property": {
                          "detectedLanguages": [
                            {
                              "languageCode": "en"
                            }
                          ]
                        },
                        "text": "i"
                      },
                      {
                        "boundingBox": {
                          "vertices": [
                            {
                              "x": 412,
                              "y": 111
                            },
                            {
                              "x": 420,
                              "y": 111
                            },
                            {
                              "x": 420,
                              "y": 131
                            },
                            {
                              "x": 412,
                              "y": 131
                            }
                          ]
                        },
                        "confidence": 0.99,
                        "property": {
                          "detectedLanguages": [
                            {
                              "languageCode": "en"
                            }
                          ]
                        },
                        "text": "d"
                      },
                      {
                        "boundingBox": {
                          "vertices": [
                            {
                              "x": 424,
                              "y": 111
                            },
                            {
                              "x": 433,
                              "y": 111
                            },
                            {
                              "x": 433,
                              "y": 131
                            },
                            {
                              "x": 424,
                              "y": 131
                            }
                          ]
                        },
                        "confidence": 1,
                        "property": {
                          "detectedLanguages": [
                            {
                              "languageCode": "en"
                            }
                          ]
                        },
                        "text": "e"
                      },
                      {
                        "boundingBox": {
                          "vertices": [
                            {
                              "x": 437,
                              "y": 111
                            },
                            {
                              "x": 438,
                              "y": 111
                            },
                            {
                              "x": 438,
                              "y": 131
                            },
                            {
                              "x": 437,
                              "y": 131
                            }
                          ]
                        },
                        "confidence": 1,
                        "property": {
                          "detectedLanguages": [
                            {
                              "languageCode": "en"
                            }
                          ]
                        },
                        "text": "l"
                      },
                      {
                        "boundingBox": {
                          "vertices": [
                            {
                              "x": 442,
                              "y": 111
                            },
                            {
                              "x": 449,
                              "y": 111
                            },
                            {
                              "x": 449,
                              "y": 131
                            },
                            {
                              "x": 442,
                              "y": 131
                            }
                          ]
                        },
                        "confidence": 1,
                        "property": {
                          "detectedBreak": {
                            "type": "LINE_BREAK"
                          },
                          "detectedLanguages": [
                            {
                              "languageCode": "en"
                            }
                          ]
                        },
                        "text": "s"
                      }
                    ]
                  }
                ]
              }
            ],
            "property": {
              "detectedLanguages": [
                {
                  "confidence": 1,
                  "languageCode": "en"
                }
              ]
            }
          },
          {
            "blockType": "TEXT",
            "boundingBox": {
              "vertices": [
                {
                  "x": 233,
                  "y": 257
                },
                {
                  "x": 412,
                  "y": 255
                },
                {
                  "x": 412,
                  "y": 275
                },
                {
                  "x": 233,
                  "y": 277
                }
              ]
            },
            "confidence": 0.99,
            "paragraphs": [
              {
                "boundingBox": {
                  "vertices": [
                    {
                      "x": 233,
                      "y": 257
                    },
                    {
                      "x": 412,
                      "y": 255
                    },
                    {
                      "x": 412,
                      "y": 275
                    },
                    {
                      "x": 233,
                      "y": 277
                    }
                  ]
                },
                "confidence": 0.99,
                "property": {
                  "detectedLanguages": [
                    {
                      "confidence": 1,
                      "languageCode": "en"
                    }
                  ]
                },
                "words": [
                  {
                    "boundingBox": {
                      "vertices": [
                        {
                          "x": 233,
                          "y": 257
                        },
                        {
                          "x": 265,
                          "y": 257
                        },
                        {
                          "x": 265,
                          "y": 276
                        },
                        {
                          "x": 233,
                          "y": 276
                        }
                      ]
                    },
                    "confidence": 0.99,
                    "property": {
                      "detectedLanguages": [
                        {
                          "languageCode": "en"
                        }
                      ]
                    },
                    "symbols": [
                      {
                        "boundingBox": {
                          "vertices": [
                            {
                              "x": 233,
                              "y": 257
                            },
                            {
                              "x": 252,
                              "y": 257
                            },
                            {
                              "x": 252,
                              "y": 276
                            },
                            {
                              "x": 233,
                              "y": 276
                            }
                          ]
                        },
                        "confidence": 0.99,
                        "property": {
                          "detectedLanguages": [
                            {
                              "languageCode": "en"
                            }
                          ]
                        },
                        "text": "B"
                      },
                      {
                        "boundingBox": {
                          "vertices": [
                            {
                              "x": 257,
                              "y": 257
                            },
                            {
                              "x": 265,
                              "y": 257
                            },
                            {
                              "x": 265,
                              "y": 276
                            },
                            {
                              "x": 257,
                              "y": 276
                            }
                          ]
                        },
                        "confidence": 0.99,
                        "property": {
                          "detectedBreak": {
                            "type": "SPACE"
                          },
                          "detectedLanguages": [
                            {
                              "languageCode": "en"
                            }
                          ]
                        },
                        "text": "y"
                      }
                    ]
                  },
                  {
                    "boundingBox": {
                      "vertices": [
                        {
                          "x": 274,
                          "y": 257
                        },
                        {
                          "x": 304,
                          "y": 257
                        },
                        {
                          "x": 304,
                          "y": 276
                        },
                        {
                          "x": 274,
                          "y": 276
                        }
                      ]
                    },
                    "confidence": 0.99,
                    "property": {
                      "detectedLanguages": [
                        {
                          "languageCode": "en"
                        }
                      ]
                    },
                    "symbols": [
                      {
                        "boundingBox": {
                          "vertices": [
                            {
                              "x": 274,
                              "y": 257
                            },
                            {
                              "x": 280,
                              "y": 257
                            },
                            {
                              "x": 280,
                              "y": 276
                            },
                            {
                              "x": 274,
                              "y": 276
                            }
                          ]
                        },
                        "confidence": 0.99,
                        "property": {
                          "detectedLanguages": [
                            {
                              "languageCode": "en"
                            }
                          ]
                        },
                        "text": "t"
                      },
                      {
                        "boundingBox": {
                          "vertices": [
                            {
                              "x": 283,
                              "y": 257
                            },
                            {
                              "x": 291,
                              "y": 257
                            },
                            {
                              "x": 291,
                              "y": 276
                            },
                            {
                              "x": 283,
                              "y": 276
                            }
                          ]
                        },
                        "confidence": 1,
                        "property": {
                          "detectedLanguages": [
                            {
                              "languageCode": "en"
                            }
                          ]
                        },
                        "text": "h"
                      },
                      {
                        "boundingBox": {
                          "vertices": [
                            {
                              "x": 295,
                              "y": 257
                            },
                            {
                              "x": 304,
                              "y": 257
                            },
                            {
                              "x": 304,
                              "y": 276
                            },
                            {
                              "x": 295,
                              "y": 276
                            }
                          ]
                        },
                        "confidence": 1,
                        "property": {
                          "detectedBreak": {
                            "type": "SPACE"
                          },
                          "detectedLanguages": [
                            {
                              "languageCode": "en"
                            }
                          ]
                        },
                        "text": "e"
                      }
                    ]
                  },
                  {
                    "boundingBox": {
                      "vertices": [
                        {
                          "x": 314,
                          "y": 256
                        },
                        {
                          "x": 412,
                          "y": 255
                        },
                        {
                          "x": 412,
                          "y": 275
                        },
                        {
                          "x": 314,
                          "y": 276
                        }
                      ]
                    },
                    "confidence": 0.99,
                    "property": {
                      "detectedLanguages": [
                        {
                          "languageCode": "en"
                        }
                      ]
                    },
                    "symbols": [
                      {
                        "boundingBox": {
                          "vertices": [
                            {
                              "x": 314,
                              "y": 257
                            },
                            {
                              "x": 325,
                              "y": 257
                            },
                            {
                              "x": 325,
                              "y": 276
                            },
                            {
                              "x": 314,
                              "y": 276
                            }
                          ]
                        },
                        "confidence": 0.99,
                        "property": {
                          "detectedLanguages": [
                            {
                              "languageCode": "en"
                            }
                          ]
                        },
                        "text": "C"
                      },
                      {
                        "boundingBox": {
                          "vertices": [
                            {
                              "x": 329,
                              "y": 256
                            },
                            {
                              "x": 335,
                              "y": 256
                            },
                            {
                              "x": 335,
                              "y": 275
                            },
                            {
                              "x": 329,
                              "y": 275
                            }
                          ]
                        },
                        "confidence": 0.99,
                        "property": {
                          "detectedLanguages": [
                            {
                              "languageCode": "en"
                            }
                          ]
                        },
                        "text": "r"
                      },
                      {
                        "boundingBox": {
                          "vertices": [
                            {
                              "x": 337,
                              "y": 256
                            },
                            {
                              "x": 344,
                              "y": 256
                            },
                            {
                              "x": 344,
                              "y": 275
                            },
                            {
                              "x": 337,
                              "y": 275
                            }
                          ]
                        },
                        "confidence": 0.99,
                        "property": {
                          "detectedLanguages": [
                            {
                              "languageCode": "en"
                            }
                          ]
                        },
                        "text": "u"
                      },
                      {
                        "boundingBox": {
                          "vertices": [
                            {
                              "x": 350,
                              "y": 256
                            },
                            {
                              "x": 358,
                              "y": 256
                            },
                            {
                              "x": 358,
                              "y": 275
                            },
                            {
                              "x": 350,
                              "y": 275
                            }
                          ]
                        },
                        "confidence": 1,
                        "property": {
                          "detectedLanguages": [
                            {
                              "languageCode": "en"
                            }
                          ]
                        },
                        "text": "s"
                      },
                      {
                        "boundingBox": {
                          "vertices": [
                            {
                              "x": 361,
                              "y": 256
                            },
                            {
                              "x": 368,
                              "y": 256
                            },
                            {
                              "x": 368,
                              "y": 275
                            },
                            {
                              "x": 361,
                              "y": 275
                            }
                          ]
                        },
                        "confidence": 1,
                        "property": {
                          "detectedLanguages": [
                            {
                              "languageCode": "en"
                            }
                          ]
                        },
                        "text": "a"
                      },
                      {
                        "boundingBox": {
                          "vertices": [
                            {
                              "x": 372,
                              "y": 256
                            },
                            {
                              "x": 380,
                              "y": 256
                            },
                            {
                              "x": 380,
                              "y": 275
                            },
                            {
                              "x": 372,
                              "y": 275
                            }
                          ]
                        },
                        "confidence": 1,
                        "property": {
                          "detectedLanguages": [
                            {
                              "languageCode": "en"
                            }
                          ]
                        },
                        "text": "d"
                      },
                      {
                        "boundingBox": {
                          "vertices": [
                            {
                              "x": 385,
                              "y": 256
                            },
                            {
                              "x": 392,
                              "y": 256
                            },
                            {
                              "x": 392,
                              "y": 275
                            },
                            {
                              "x": 385,
                              "y": 275
                            }
                          ]
                        },
                        "confidence": 1,
                        "property": {
                          "detectedLanguages": [
                            {
                              "languageCode": "en"
                            }
                          ]
                        },
                        "text": "e"
                      },
                      {
                        "boundingBox": {
                          "vertices": [
                            {
                              "x": 395,
                              "y": 256
                            },
                            {
                              "x": 401,
                              "y": 256
                            },
                            {
                              "x": 401,
                              "y": 275
                            },
                            {
                              "x": 395,
                              "y": 275
                            }
                          ]
                        },
                        "confidence": 1,
                        "property": {
                          "detectedLanguages": [
                            {
                              "languageCode": "en"
                            }
                          ]
                        },
                        "text": "r"
                      },
                      {
                        "boundingBox": {
                          "vertices": [
                            {
                              "x": 406,
                              "y": 256
                            },
                            {
                              "x": 412,
                              "y": 256
                            },
                            {
                              "x": 412,
                              "y": 275
                            },
                            {
                              "x": 406,
                              "y": 275
                            }
                          ]
                        },
                        "confidence": 1,
                        "property": {
                          "detectedBreak": {
                            "type": "LINE_BREAK"
                          },
                          "detectedLanguages": [
                            {
                              "languageCode": "en"
                            }
                          ]
                        },
                        "text": "s"
                      }
                    ]
                  }
                ]
              }
            ],
            "property": {
              "detectedLanguages": [
                {
                  "confidence": 1,
                  "languageCode": "en"
                }
              ]
            }
          }
        ],
        "height": 463,
        "property": {
          "detectedLanguages": [
            {
              "confidence": 1,
              "languageCode": "en"
            }
          ]
        },
        "width": 633
      }
    ],
    "text": "Reasons to execute infidels\nBy the Crusaders\n"
  },
  "imagePropertiesAnnotation": {
    "cropHints": [
      {
        "boundingPoly": {
          "vertices": [
            {
              "x": 131
            },
            {
              "x": 501
            },
            {
              "x": 501,
              "y": 462
            },
            {
              "x": 131,
              "y": 462
            }
          ]
        },
        "confidence": 0.74767154,
        "importanceFraction": 1
      },
      {
        "boundingPoly": {
          "vertices": [
            {
              "x": 84
            },
            {
              "x": 548
            },
            {
              "x": 548,
              "y": 462
            },
            {
              "x": 84,
              "y": 462
            }
          ]
        },
        "confidence": 0.5981371,
        "importanceFraction": 1
      },
      {
        "boundingPoly": {
          "vertices": [
            {
              "x": 38
            },
            {
              "x": 594
            },
            {
              "x": 594,
              "y": 462
            },
            {
              "x": 38,
              "y": 462
            }
          ]
        },
        "confidence": 0.49844763,
        "importanceFraction": 1
      }
    ],
    "dominantColors": {
      "colors": [
        {
          "color": {
            "blue": 18,
            "green": 8,
            "red": 96
          },
          "hex": "600812",
          "percent": 43.445652142002295,
          "percentRounded": 43,
          "pixelFraction": 0.15343066,
          "rgb": "96, 8,\n 18",
          "score": 0.27232438
        },
        {
          "color": {
            "blue": 218,
            "green": 207,
            "red": 209
          },
          "hex": "D1CFDA",
          "percent": 35.99024639482723,
          "percentRounded": 36,
          "pixelFraction": 0.26437956,
          "rgb": "209, 207,\n 218",
          "score": 0.22559269
        },
        {
          "color": {
            "blue": 126,
            "green": 123,
            "red": 123
          },
          "hex": "7B7B7E",
          "percent": 5.584827059091138,
          "percentRounded": 6,
          "pixelFraction": 0.048905108,
          "rgb": "123, 123,\n 126",
          "score": 0.0350066
        },
        {
          "color": {
            "blue": 88,
            "green": 93,
            "red": 54
          },
          "hex": "365D58",
          "percent": 4.96759379634055,
          "percentRounded": 5,
          "pixelFraction": 0.018540146,
          "rgb": "54, 93,\n 88",
          "score": 0.031137682
        },
        {
          "color": {
            "blue": 18,
            "green": 118,
            "red": 138
          },
          "hex": "8A7612",
          "percent": 3.920311173406447,
          "percentRounded": 4,
          "pixelFraction": 0.0059854016,
          "rgb": "138, 118,\n 18",
          "score": 0.024573145
        },
        {
          "color": {
            "blue": 17,
            "green": 13,
            "red": 43
          },
          "hex": "2B0D11",
          "percent": 2.029617656973251,
          "percentRounded": 2,
          "pixelFraction": 0.0082481755,
          "rgb": "43, 13,\n 17",
          "score": 0.012721972
        },
        {
          "color": {
            "blue": 92,
            "green": 90,
            "red": 167
          },
          "hex": "A75A5C",
          "percent": 1.2525193458365615,
          "percentRounded": 1,
          "pixelFraction": 0.15021898,
          "rgb": "167, 90,\n 92",
          "score": 0.007850994
        },
        {
          "color": {
            "blue": 21,
            "green": 18,
            "red": 218
          },
          "hex": "DA1215",
          "percent": 1.2202137027582625,
          "percentRounded": 1,
          "pixelFraction": 0.0012408759,
          "rgb": "218, 18,\n 21",
          "score": 0.007648497
        },
        {
          "color": {
            "blue": 10,
            "green": 5,
            "red": 252
          },
          "hex": "FC050A",
          "percent": 1.0076676599978538,
          "percentRounded": 1,
          "pixelFraction": 0.00094890513,
          "rgb": "252, 5,\n 10",
          "score": 0.006316224
        },
        {
          "color": {
            "blue": 7,
            "green": 30,
            "red": 170
          },
          "hex": "AA1E07",
          "percent": 0.5813510687664173,
          "percentRounded": 1,
          "pixelFraction": 0.0006569343,
          "rgb": "170, 30,\n 7",
          "score": 0.0036440026
        }
      ]
    }
  },
  "labelAnnotations": [
    {
      "description": "Yellow",
      "mid": "/m/088fh",
      "score": 0.8697031,
      "topicality": 0.8697031
    },
    {
      "description": "Font",
      "mid": "/m/03gq5hm",
      "score": 0.8365626,
      "topicality": 0.8365626
    },
    {
      "description": "Red",
      "mid": "/m/06fvc",
      "score": 0.80747986,
      "topicality": 0.80747986
    },
    {
      "description": "Curtain",
      "mid": "/m/03rszm",
      "score": 0.7590543,
      "topicality": 0.7590543
    },
    {
      "description": "Rectangle",
      "mid": "/m/0j62f",
      "score": 0.75136954,
      "topicality": 0.75136954
    },
    {
      "description": "Chair",
      "mid": "/m/01mzpv",
      "score": 0.74600583,
      "topicality": 0.74600583
    },
    {
      "description": "Event",
      "mid": "/m/081pkj",
      "score": 0.73992807,
      "topicality": 0.73992807
    },
    {
      "description": "Electronic device",
      "mid": "/m/0bs7_0t",
      "score": 0.73605615,
      "topicality": 0.73605615
    },
    {
      "description": "Stage equipment",
      "mid": "/m/0h8mknb",
      "score": 0.7339964,
      "topicality": 0.7339964
    },
    {
      "description": "Drinkware",
      "mid": "/m/050h26",
      "score": 0.73190427,
      "topicality": 0.73190427
    },
    {
      "description": "Plant",
      "mid": "/m/05s2s",
      "score": 0.73150903,
      "topicality": 0.73150903
    },
    {
      "description": "Advertising",
      "mid": "/m/011s0",
      "score": 0.71191376,
      "topicality": 0.71191376
    },
    {
      "description": "Public speaking",
      "mid": "/m/068k4",
      "score": 0.70704335,
      "topicality": 0.70704335
    },
    {
      "description": "Brand",
      "mid": "/m/01cd9",
      "score": 0.64532644,
      "topicality": 0.64532644
    },
    {
      "description": "Speech",
      "mid": "/m/09x0r",
      "score": 0.63852805,
      "topicality": 0.63852805
    },
    {
      "description": "Logo",
      "mid": "/m/0dwx7",
      "score": 0.6259903,
      "topicality": 0.6259903
    },
    {
      "description": "Banner",
      "mid": "/m/0m9cj",
      "score": 0.6110127,
      "topicality": 0.6110127
    },
    {
      "description": "Room",
      "mid": "/m/06ht1",
      "score": 0.6089548,
      "topicality": 0.6089548
    },
    {
      "description": "Presentation",
      "mid": "/m/02y3rj",
      "score": 0.60542095,
      "topicality": 0.60542095
    },
    {
      "description": "Audio equipment",
      "mid": "/m/01yttv",
      "score": 0.58166486,
      "topicality": 0.58166486
    },
    {
      "description": "Projection screen",
      "mid": "/m/06ycgh",
      "score": 0.5665901,
      "topicality": 0.5665901
    },
    {
      "description": "Tableware",
      "mid": "/m/04brg2",
      "score": 0.5553423,
      "topicality": 0.5553423
    },
    {
      "description": "Toy",
      "mid": "/m/0138tl",
      "score": 0.5505155,
      "topicality": 0.5505155
    },
    {
      "description": "Display device",
      "mid": "/m/029zz6",
      "score": 0.54899925,
      "topicality": 0.54899925
    },
    {
      "description": "Drink",
      "mid": "/m/0271t",
      "score": 0.5137367,
      "topicality": 0.5137367
    },
    {
      "description": "Spokesperson",
      "mid": "/m/01xr66",
      "score": 0.5074375,
      "topicality": 0.5074375
    },
    {
      "description": "Stage",
      "mid": "/m/04_5hy",
      "score": 0.5022332,
      "topicality": 0.5022332
    }
  ],
  "localizedObjectAnnotations": [
    {
      "boundingPoly": {
        "normalizedVertices": [
          {
            "x": 0.25437868,
            "y": 0.5266456
          },
          {
            "x": 0.3956841,
            "y": 0.5266456
          },
          {
            "x": 0.3956841,
            "y": 0.9458476
          },
          {
            "x": 0.25437868,
            "y": 0.9458476
          }
        ]
      },
      "mid": "/m/0138tl",
      "name": "Toy",
      "score": 0.5764541
    },
    {
      "boundingPoly": {
        "normalizedVertices": [
          {
            "x": 0.813472,
            "y": 0.8728245
          },
          {
            "x": 0.9817392,
            "y": 0.8728245
          },
          {
            "x": 0.9817392,
            "y": 0.9973958
          },
          {
            "x": 0.813472,
            "y": 0.9973958
          }
        ]
      },
      "mid": "/m/01g317",
      "name": "Person",
      "score": 0.5521413
    }
  ],
  "logoAnnotations": [
    {
      "boundingPoly": {
        "vertices": [
          {
            "x": 26,
            "y": 9
          },
          {
            "x": 582,
            "y": 9
          },
          {
            "x": 582,
            "y": 417
          },
          {
            "x": 26,
            "y": 417
          }
        ]
      },
      "description": "Circuit City",
      "mid": "/m/03rtqs",
      "score": 0.92410403
    }
  ],
  "safeSearchAnnotation": {
    "adult": "VERY_UNLIKELY",
    "medical": "UNLIKELY",
    "racy": "VERY_UNLIKELY",
    "spoof": "UNLIKELY",
    "violence": "VERY_UNLIKELY"
  },
  "textAnnotations": [
    {
      "boundingPoly": {
        "vertices": [
          {
            "x": 179,
            "y": 111
          },
          {
            "x": 449,
            "y": 111
          },
          {
            "x": 449,
            "y": 276
          },
          {
            "x": 179,
            "y": 276
          }
        ]
      },
      "description": "Reasons to execute infidels\nBy the Crusaders\n",
      "locale": "en"
    },
    {
      "boundingPoly": {
        "vertices": [
          {
            "x": 179,
            "y": 111
          },
          {
            "x": 259,
            "y": 111
          },
          {
            "x": 259,
            "y": 131
          },
          {
            "x": 179,
            "y": 131
          }
        ]
      },
      "description": "Reasons"
    },
    {
      "boundingPoly": {
        "vertices": [
          {
            "x": 268,
            "y": 111
          },
          {
            "x": 286,
            "y": 111
          },
          {
            "x": 286,
            "y": 131
          },
          {
            "x": 268,
            "y": 131
          }
        ]
      },
      "description": "to"
    },
    {
      "boundingPoly": {
        "vertices": [
          {
            "x": 296,
            "y": 111
          },
          {
            "x": 371,
            "y": 111
          },
          {
            "x": 371,
            "y": 131
          },
          {
            "x": 296,
            "y": 131
          }
        ]
      },
      "description": "execute"
    },
    {
      "boundingPoly": {
        "vertices": [
          {
            "x": 382,
            "y": 111
          },
          {
            "x": 449,
            "y": 111
          },
          {
            "x": 449,
            "y": 131
          },
          {
            "x": 382,
            "y": 131
          }
        ]
      },
      "description": "infidels"
    },
    {
      "boundingPoly": {
        "vertices": [
          {
            "x": 233,
            "y": 257
          },
          {
            "x": 265,
            "y": 257
          },
          {
            "x": 265,
            "y": 276
          },
          {
            "x": 233,
            "y": 276
          }
        ]
      },
      "description": "By"
    },
    {
      "boundingPoly": {
        "vertices": [
          {
            "x": 274,
            "y": 257
          },
          {
            "x": 304,
            "y": 257
          },
          {
            "x": 304,
            "y": 276
          },
          {
            "x": 274,
            "y": 276
          }
        ]
      },
      "description": "the"
    },
    {
      "boundingPoly": {
        "vertices": [
          {
            "x": 314,
            "y": 256
          },
          {
            "x": 412,
            "y": 255
          },
          {
            "x": 412,
            "y": 275
          },
          {
            "x": 314,
            "y": 276
          }
        ]
      },
      "description": "Crusaders"
    }
  ]
}
