{
  "cropHintsAnnotation": {
    "cropHints": [
      {
        "boundingPoly": {
          "vertices": [
            {
              "x": 72
            },
            {
              "x": 638
            },
            {
              "x": 638,
              "y": 707
            },
            {
              "x": 72,
              "y": 707
            }
          ]
        },
        "confidence": 0.54248875,
        "importanceFraction": 1
      },
      {
        "boundingPoly": {
          "vertices": [
            {},
            {
              "x": 708
            },
            {
              "x": 708,
              "y": 707
            },
            {
              "y": 707
            }
          ]
        },
        "confidence": 0.433991,
        "importanceFraction": 1
      },
      {
        "boundingPoly": {
          "vertices": [
            {
              "y": 53
            },
            {
              "x": 719,
              "y": 53
            },
            {
              "x": 719,
              "y": 654
            },
            {
              "y": 654
            }
          ]
        },
        "confidence": 0.5035742,
        "importanceFraction": 1
      }
    ]
  },
  "fullTextAnnotation": {
    "pages": [
      {
        "blocks": [
          {
            "blockType": "TEXT",
            "boundingBox": {
              "vertices": [
                {
                  "x": 116,
                  "y": 100
                },
                {
                  "x": 619,
                  "y": 100
                },
                {
                  "x": 619,
                  "y": 179
                },
                {
                  "x": 116,
                  "y": 179
                }
              ]
            },
            "confidence": 0.99,
            "paragraphs": [
              {
                "boundingBox": {
                  "vertices": [
                    {
                      "x": 116,
                      "y": 100
                    },
                    {
                      "x": 619,
                      "y": 100
                    },
                    {
                      "x": 619,
                      "y": 179
                    },
                    {
                      "x": 116,
                      "y": 179
                    }
                  ]
                },
                "confidence": 0.99,
                "property": {
                  "detectedLanguages": [
                    {
                      "confidence": 1,
                      "languageCode": "en"
                    }
                  ]
                },
                "words": [
                  {
                    "boundingBox": {
                      "vertices": [
                        {
                          "x": 116,
                          "y": 100
                        },
                        {
                          "x": 167,
                          "y": 100
                        },
                        {
                          "x": 167,
                          "y": 179
                        },
                        {
                          "x": 116,
                          "y": 179
                        }
                      ]
                    },
                    "confidence": 0.99,
                    "property": {
                      "detectedLanguages": [
                        {
                          "languageCode": "en"
                        }
                      ]
                    },
                    "symbols": [
                      {
                        "boundingBox": {
                          "vertices": [
                            {
                              "x": 116,
                              "y": 100
                            },
                            {
                              "x": 167,
                              "y": 100
                            },
                            {
                              "x": 167,
                              "y": 179
                            },
                            {
                              "x": 116,
                              "y": 179
                            }
                          ]
                        },
                        "confidence": 0.99,
                        "property": {
                          "detectedBreak": {
                            "type": "SPACE"
                          },
                          "detectedLanguages": [
                            {
                              "languageCode": "en"
                            }
                          ]
                        },
                        "text": "A"
                      }
                    ]
                  },
                  {
                    "boundingBox": {
                      "vertices": [
                        {
                          "x": 188,
                          "y": 100
                        },
                        {
                          "x": 619,
                          "y": 100
                        },
                        {
                          "x": 619,
                          "y": 179
                        },
                        {
                          "x": 188,
                          "y": 179
                        }
                      ]
                    },
                    "confidence": 0.99,
                    "property": {
                      "detectedLanguages": [
                        {
                          "languageCode": "en"
                        }
                      ]
                    },
                    "symbols": [
                      {
                        "boundingBox": {
                          "vertices": [
                            {
                              "x": 188,
                              "y": 100
                            },
                            {
                              "x": 255,
                              "y": 100
                            },
                            {
                              "x": 255,
                              "y": 179
                            },
                            {
                              "x": 188,
                              "y": 179
                            }
                          ]
                        },
                        "confidence": 0.99,
                        "property": {
                          "detectedLanguages": [
                            {
                              "languageCode": "en"
                            }
                          ]
                        },
                        "text": "m"
                      },
                      {
                        "boundingBox": {
                          "vertices": [
                            {
                              "x": 264,
                              "y": 100
                            },
                            {
                              "x": 275,
                              "y": 100
                            },
                            {
                              "x": 275,
                              "y": 179
                            },
                            {
                              "x": 264,
                              "y": 179
                            }
                          ]
                        },
                        "confidence": 1,
                        "property": {
                          "detectedLanguages": [
                            {
                              "languageCode": "en"
                            }
                          ]
                        },
                        "text": "i"
                      },
                      {
                        "boundingBox": {
                          "vertices": [
                            {
                              "x": 284,
                              "y": 100
                            },
                            {
                              "x": 323,
                              "y": 100
                            },
                            {
                              "x": 323,
                              "y": 179
                            },
                            {
                              "x": 284,
                              "y": 179
                            }
                          ]
                        },
                        "confidence": 0.99,
                        "property": {
                          "detectedLanguages": [
                            {
                              "languageCode": "en"
                            }
                          ]
                        },
                        "text": "c"
                      },
                      {
                        "boundingBox": {
                          "vertices": [
                            {
                              "x": 328,
                              "y": 100
                            },
                            {
                              "x": 355,
                              "y": 100
                            },
                            {
                              "x": 355,
                              "y": 179
                            },
                            {
                              "x": 328,
                              "y": 179
                            }
                          ]
                        },
                        "confidence": 1,
                        "property": {
                          "detectedLanguages": [
                            {
                              "languageCode": "en"
                            }
                          ]
                        },
                        "text": "r"
                      },
                      {
                        "boundingBox": {
                          "vertices": [
                            {
                              "x": 360,
                              "y": 100
                            },
                            {
                              "x": 403,
                              "y": 100
                            },
                            {
                              "x": 403,
                              "y": 179
                            },
                            {
                              "x": 360,
                              "y": 179
                            }
                          ]
                        },
                        "confidence": 1,
                        "property": {
                          "detectedLanguages": [
                            {
                              "languageCode": "en"
                            }
                          ]
                        },
                        "text": "o"
                      },
                      {
                        "boundingBox": {
                          "vertices": [
                            {
                              "x": 408,
                              "y": 100
                            },
                            {
                              "x": 471,
                              "y": 100
                            },
                            {
                              "x": 471,
                              "y": 179
                            },
                            {
                              "x": 408,
                              "y": 179
                            }
                          ]
                        },
                        "confidence": 0.99,
                        "property": {
                          "detectedLanguages": [
                            {
                              "languageCode": "en"
                            }
                          ]
                        },
                        "text": "w"
                      },
                      {
                        "boundingBox": {
                          "vertices": [
                            {
                              "x": 476,
                              "y": 100
                            },
                            {
                              "x": 515,
                              "y": 100
                            },
                            {
                              "x": 515,
                              "y": 179
                            },
                            {
                              "x": 476,
                              "y": 179
                            }
                          ]
                        },
                        "confidence": 1,
                        "property": {
                          "detectedLanguages": [
                            {
                              "languageCode": "en"
                            }
                          ]
                        },
                        "text": "a"
                      },
                      {
                        "boundingBox": {
                          "vertices": [
                            {
                              "x": 520,
                              "y": 100
                            },
                            {
                              "x": 563,
                              "y": 100
                            },
                            {
                              "x": 563,
                              "y": 179
                            },
                            {
                              "x": 520,
                              "y": 179
                            }
                          ]
                        },
                        "confidence": 1,
                        "property": {
                          "detectedLanguages": [
                            {
                              "languageCode": "en"
                            }
                          ]
                        },
                        "text": "v"
                      },
                      {
                        "boundingBox": {
                          "vertices": [
                            {
                              "x": 568,
                              "y": 100
                            },
                            {
                              "x": 619,
                              "y": 100
                            },
                            {
                              "x": 619,
                              "y": 179
                            },
                            {
                              "x": 568,
                              "y": 179
                            }
                          ]
                        },
                        "confidence": 1,
                        "property": {
                          "detectedBreak": {
                            "type": "LINE_BREAK"
                          },
                          "detectedLanguages": [
                            {
                              "languageCode": "en"
                            }
                          ]
                        },
                        "text": "e"
                      }
                    ]
                  }
                ]
              }
            ],
            "property": {
              "detectedLanguages": [
                {
                  "confidence": 1,
                  "languageCode": "en"
                }
              ]
            }
          },
          {
            "blockType": "TEXT",
            "boundingBox": {
              "vertices": [
                {
                  "x": 260,
                  "y": 182
                },
                {
                  "x": 473,
                  "y": 182
                },
                {
                  "x": 473,
                  "y": 227
                },
                {
                  "x": 260,
                  "y": 227
                }
              ]
            },
            "confidence": 0.99,
            "paragraphs": [
              {
                "boundingBox": {
                  "vertices": [
                    {
                      "x": 260,
                      "y": 182
                    },
                    {
                      "x": 473,
                      "y": 182
                    },
                    {
                      "x": 473,
                      "y": 227
                    },
                    {
                      "x": 260,
                      "y": 227
                    }
                  ]
                },
                "confidence": 0.99,
                "property": {
                  "detectedLanguages": [
                    {
                      "confidence": 1,
                      "languageCode": "en"
                    }
                  ]
                },
                "words": [
                  {
                    "boundingBox": {
                      "vertices": [
                        {
                          "x": 260,
                          "y": 182
                        },
                        {
                          "x": 311,
                          "y": 182
                        },
                        {
                          "x": 311,
                          "y": 227
                        },
                        {
                          "x": 260,
                          "y": 227
                        }
                      ]
                    },
                    "confidence": 0.99,
                    "property": {
                      "detectedLanguages": [
                        {
                          "languageCode": "en"
                        }
                      ]
                    },
                    "symbols": [
                      {
                        "boundingBox": {
                          "vertices": [
                            {
                              "x": 260,
                              "y": 182
                            },
                            {
                              "x": 273,
                              "y": 182
                            },
                            {
                              "x": 273,
                              "y": 227
                            },
                            {
                              "x": 260,
                              "y": 227
                            }
                          ]
                        },
                        "confidence": 0.99,
                        "property": {
                          "detectedLanguages": [
                            {
                              "languageCode": "en"
                            }
                          ]
                        },
                        "text": "i"
                      },
                      {
                        "boundingBox": {
                          "vertices": [
                            {
                              "x": 280,
                              "y": 182
                            },
                            {
                              "x": 311,
                              "y": 182
                            },
                            {
                              "x": 311,
                              "y": 227
                            },
                            {
                              "x": 280,
                              "y": 227
                            }
                          ]
                        },
                        "confidence": 1,
                        "property": {
                          "detectedBreak": {
                            "type": "SPACE"
                          },
                          "detectedLanguages": [
                            {
                              "languageCode": "en"
                            }
                          ]
                        },
                        "text": "s"
                      }
                    ]
                  },
                  {
                    "boundingBox": {
                      "vertices": [
                        {
                          "x": 324,
                          "y": 182
                        },
                        {
                          "x": 473,
                          "y": 182
                        },
                        {
                          "x": 473,
                          "y": 227
                        },
                        {
                          "x": 324,
                          "y": 227
                        }
                      ]
                    },
                    "confidence": 0.99,
                    "property": {
                      "detectedLanguages": [
                        {
                          "languageCode": "en"
                        }
                      ]
                    },
                    "symbols": [
                      {
                        "boundingBox": {
                          "vertices": [
                            {
                              "x": 324,
                              "y": 182
                            },
                            {
                              "x": 343,
                              "y": 182
                            },
                            {
                              "x": 343,
                              "y": 227
                            },
                            {
                              "x": 324,
                              "y": 227
                            }
                          ]
                        },
                        "confidence": 0.99,
                        "property": {
                          "detectedLanguages": [
                            {
                              "languageCode": "en"
                            }
                          ]
                        },
                        "text": "j"
                      },
                      {
                        "boundingBox": {
                          "vertices": [
                            {
                              "x": 350,
                              "y": 182
                            },
                            {
                              "x": 397,
                              "y": 182
                            },
                            {
                              "x": 397,
                              "y": 227
                            },
                            {
                              "x": 350,
                              "y": 227
                            }
                          ]
                        },
                        "confidence": 0.99,
                        "property": {
                          "detectedLanguages": [
                            {
                              "languageCode": "en"
                            }
                          ]
                        },
                        "text": "u"
                      },
                      {
                        "boundingBox": {
                          "vertices": [
                            {
                              "x": 406,
                              "y": 182
                            },
                            {
                              "x": 443,
                              "y": 182
                            },
                            {
                              "x": 443,
                              "y": 227
                            },
                            {
                              "x": 406,
                              "y": 227
                            }
                          ]
                        },
                        "confidence": 1,
                        "property": {
                          "detectedLanguages": [
                            {
                              "languageCode": "en"
                            }
                          ]
                        },
                        "text": "s"
                      },
                      {
                        "boundingBox": {
                          "vertices": [
                            {
                              "x": 448,
                              "y": 182
                            },
                            {
                              "x": 473,
                              "y": 182
                            },
                            {
                              "x": 473,
                              "y": 227
                            },
                            {
                              "x": 448,
                              "y": 227
                            }
                          ]
                        },
                        "confidence": 1,
                        "property": {
                          "detectedBreak": {
                            "type": "LINE_BREAK"
                          },
                          "detectedLanguages": [
                            {
                              "languageCode": "en"
                            }
                          ]
                        },
                        "text": "t"
                      }
                    ]
                  }
                ]
              }
            ],
            "property": {
              "detectedLanguages": [
                {
                  "confidence": 1,
                  "languageCode": "en"
                }
              ]
            }
          },
          {
            "blockType": "TEXT",
            "boundingBox": {
              "vertices": [
                {
                  "x": 83,
                  "y": 223
                },
                {
                  "x": 614,
                  "y": 207
                },
                {
                  "x": 620,
                  "y": 401
                },
                {
                  "x": 89,
                  "y": 418
                }
              ]
            },
            "confidence": 0.97,
            "paragraphs": [
              {
                "boundingBox": {
                  "vertices": [
                    {
                      "x": 83,
                      "y": 223
                    },
                    {
                      "x": 614,
                      "y": 207
                    },
                    {
                      "x": 620,
                      "y": 401
                    },
                    {
                      "x": 89,
                      "y": 418
                    }
                  ]
                },
                "confidence": 0.97,
                "words": [
                  {
                    "boundingBox": {
                      "vertices": [
                        {
                          "x": 83,
                          "y": 223
                        },
                        {
                          "x": 614,
                          "y": 207
                        },
                        {
                          "x": 620,
                          "y": 401
                        },
                        {
                          "x": 89,
                          "y": 418
                        }
                      ]
                    },
                    "confidence": 0.97,
                    "symbols": [
                      {
                        "boundingBox": {
                          "vertices": [
                            {
                              "x": 83,
                              "y": 223
                            },
                            {
                              "x": 152,
                              "y": 221
                            },
                            {
                              "x": 158,
                              "y": 416
                            },
                            {
                              "x": 89,
                              "y": 418
                            }
                          ]
                        },
                        "confidence": 0.99,
                        "text": "C"
                      },
                      {
                        "boundingBox": {
                          "vertices": [
                            {
                              "x": 172,
                              "y": 220
                            },
                            {
                              "x": 221,
                              "y": 218
                            },
                            {
                              "x": 227,
                              "y": 413
                            },
                            {
                              "x": 178,
                              "y": 415
                            }
                          ]
                        },
                        "confidence": 0.99,
                        "text": "h"
                      },
                      {
                        "boundingBox": {
                          "vertices": [
                            {
                              "x": 238,
                              "y": 218
                            },
                            {
                              "x": 275,
                              "y": 217
                            },
                            {
                              "x": 281,
                              "y": 412
                            },
                            {
                              "x": 244,
                              "y": 413
                            }
                          ]
                        },
                        "confidence": 0.99,
                        "text": "e"
                      },
                      {
                        "boundingBox": {
                          "vertices": [
                            {
                              "x": 281,
                              "y": 217
                            },
                            {
                              "x": 312,
                              "y": 216
                            },
                            {
                              "x": 318,
                              "y": 411
                            },
                            {
                              "x": 287,
                              "y": 412
                            }
                          ]
                        },
                        "confidence": 0.99,
                        "text": "r"
                      },
                      {
                        "boundingBox": {
                          "vertices": [
                            {
                              "x": 318,
                              "y": 216
                            },
                            {
                              "x": 357,
                              "y": 215
                            },
                            {
                              "x": 363,
                              "y": 410
                            },
                            {
                              "x": 324,
                              "y": 411
                            }
                          ]
                        },
                        "confidence": 0.89,
                        "text": "n"
                      },
                      {
                        "boundingBox": {
                          "vertices": [
                            {
                              "x": 374,
                              "y": 214
                            },
                            {
                              "x": 411,
                              "y": 213
                            },
                            {
                              "x": 417,
                              "y": 408
                            },
                            {
                              "x": 380,
                              "y": 409
                            }
                          ]
                        },
                        "confidence": 0.99,
                        "text": "o"
                      },
                      {
                        "boundingBox": {
                          "vertices": [
                            {
                              "x": 414,
                              "y": 213
                            },
                            {
                              "x": 453,
                              "y": 212
                            },
                            {
                              "x": 459,
                              "y": 407
                            },
                            {
                              "x": 420,
                              "y": 408
                            }
                          ]
                        },
                        "confidence": 1,
                        "text": "b"
                      },
                      {
                        "boundingBox": {
                          "vertices": [
                            {
                              "x": 469,
                              "y": 211
                            },
                            {
                              "x": 516,
                              "y": 210
                            },
                            {
                              "x": 522,
                              "y": 404
                            },
                            {
                              "x": 475,
                              "y": 406
                            }
                          ]
                        },
                        "confidence": 1,
                        "text": "y"
                      },
                      {
                        "boundingBox": {
                          "vertices": [
                            {
                              "x": 534,
                              "y": 209
                            },
                            {
                              "x": 570,
                              "y": 208
                            },
                            {
                              "x": 576,
                              "y": 403
                            },
                            {
                              "x": 540,
                              "y": 404
                            }
                          ]
                        },
                        "confidence": 0.99,
                        "text": "l"
                      },
                      {
                        "boundingBox": {
                          "vertices": [
                            {
                              "x": 578,
                              "y": 208
                            },
                            {
                              "x": 600,
                              "y": 207
                            },
                            {
                              "x": 606,
                              "y": 402
                            },
                            {
                              "x": 584,
                              "y": 403
                            }
                          ]
                        },
                        "confidence": 0.95,
                        "text": "i"
                      },
                      {
                        "boundingBox": {
                          "vertices": [
                            {
                              "x": 599,
                              "y": 207
                            },
                            {
                              "x": 614,
                              "y": 207
                            },
                            {
                              "x": 620,
                              "y": 401
                            },
                            {
                              "x": 605,
                              "y": 402
                            }
                          ]
                        },
                        "confidence": 0.97,
                        "property": {
                          "detectedBreak": {
                            "type": "LINE_BREAK"
                          }
                        },
                        "text": "n"
                      }
                    ]
                  }
                ]
              }
            ]
          },
          {
            "blockType": "TEXT",
            "boundingBox": {
              "vertices": [
                {
                  "x": 279,
                  "y": 371
                },
                {
                  "x": 498,
                  "y": 365
                },
                {
                  "x": 500,
                  "y": 444
                },
                {
                  "x": 281,
                  "y": 450
                }
              ]
            },
            "confidence": 0.9,
            "paragraphs": [
              {
                "boundingBox": {
                  "vertices": [
                    {
                      "x": 279,
                      "y": 371
                    },
                    {
                      "x": 498,
                      "y": 365
                    },
                    {
                      "x": 500,
                      "y": 444
                    },
                    {
                      "x": 281,
                      "y": 450
                    }
                  ]
                },
                "confidence": 0.9,
                "words": [
                  {
                    "boundingBox": {
                      "vertices": [
                        {
                          "x": 279,
                          "y": 371
                        },
                        {
                          "x": 498,
                          "y": 365
                        },
                        {
                          "x": 500,
                          "y": 444
                        },
                        {
                          "x": 281,
                          "y": 450
                        }
                      ]
                    },
                    "confidence": 0.9,
                    "symbols": [
                      {
                        "boundingBox": {
                          "vertices": [
                            {
                              "x": 279,
                              "y": 371
                            },
                            {
                              "x": 339,
                              "y": 369
                            },
                            {
                              "x": 341,
                              "y": 448
                            },
                            {
                              "x": 281,
                              "y": 450
                            }
                          ]
                        },
                        "confidence": 0.82,
                        "text": "b"
                      },
                      {
                        "boundingBox": {
                          "vertices": [
                            {
                              "x": 361,
                              "y": 369
                            },
                            {
                              "x": 411,
                              "y": 368
                            },
                            {
                              "x": 413,
                              "y": 447
                            },
                            {
                              "x": 363,
                              "y": 448
                            }
                          ]
                        },
                        "confidence": 0.9,
                        "text": "o"
                      },
                      {
                        "boundingBox": {
                          "vertices": [
                            {
                              "x": 438,
                              "y": 367
                            },
                            {
                              "x": 498,
                              "y": 365
                            },
                            {
                              "x": 500,
                              "y": 444
                            },
                            {
                              "x": 440,
                              "y": 446
                            }
                          ]
                        },
                        "confidence": 0.98,
                        "property": {
                          "detectedBreak": {
                            "type": "LINE_BREAK"
                          }
                        },
                        "text": "x"
                      }
                    ]
                  }
                ]
              }
            ]
          },
          {
            "blockType": "TEXT",
            "boundingBox": {
              "vertices": [
                {
                  "x": 211,
                  "y": 422
                },
                {
                  "x": 253,
                  "y": 414
                },
                {
                  "x": 260,
                  "y": 450
                },
                {
                  "x": 218,
                  "y": 458
                }
              ]
            },
            "confidence": 0.19,
            "paragraphs": [
              {
                "boundingBox": {
                  "vertices": [
                    {
                      "x": 211,
                      "y": 422
                    },
                    {
                      "x": 253,
                      "y": 414
                    },
                    {
                      "x": 260,
                      "y": 450
                    },
                    {
                      "x": 218,
                      "y": 458
                    }
                  ]
                },
                "confidence": 0.19,
                "words": [
                  {
                    "boundingBox": {
                      "vertices": [
                        {
                          "x": 211,
                          "y": 422
                        },
                        {
                          "x": 253,
                          "y": 414
                        },
                        {
                          "x": 260,
                          "y": 450
                        },
                        {
                          "x": 218,
                          "y": 458
                        }
                      ]
                    },
                    "confidence": 0.19,
                    "symbols": [
                      {
                        "boundingBox": {
                          "vertices": [
                            {
                              "x": 211,
                              "y": 422
                            },
                            {
                              "x": 253,
                              "y": 414
                            },
                            {
                              "x": 260,
                              "y": 450
                            },
                            {
                              "x": 218,
                              "y": 458
                            }
                          ]
                        },
                        "confidence": 0.19,
                        "property": {
                          "detectedBreak": {
                            "type": "LINE_BREAK"
                          }
                        },
                        "text": "a"
                      }
                    ]
                  }
                ]
              }
            ]
          },
          {
            "blockType": "TEXT",
            "boundingBox": {
              "vertices": [
                {
                  "x": 41,
                  "y": 682
                },
                {
                  "x": 147,
                  "y": 685
                },
                {
                  "x": 146,
                  "y": 712
                },
                {
                  "x": 40,
                  "y": 709
                }
              ]
            },
            "confidence": 0.45,
            "paragraphs": [
              {
                "boundingBox": {
                  "vertices": [
                    {
                      "x": 41,
                      "y": 682
                    },
                    {
                      "x": 147,
                      "y": 685
                    },
                    {
                      "x": 146,
                      "y": 712
                    },
                    {
                      "x": 40,
                      "y": 709
                    }
                  ]
                },
                "confidence": 0.45,
                "property": {
                  "detectedLanguages": [
                    {
                      "confidence": 1,
                      "languageCode": "fil"
                    }
                  ]
                },
                "words": [
                  {
                    "boundingBox": {
                      "vertices": [
                        {
                          "x": 41,
                          "y": 682
                        },
                        {
                          "x": 72,
                          "y": 683
                        },
                        {
                          "x": 71,
                          "y": 710
                        },
                        {
                          "x": 40,
                          "y": 709
                        }
                      ]
                    },
                    "confidence": 0.52,
                    "property": {
                      "detectedLanguages": [
                        {
                          "languageCode": "fil"
                        }
                      ]
                    },
                    "symbols": [
                      {
                        "boundingBox": {
                          "vertices": [
                            {
                              "x": 41,
                              "y": 682
                            },
                            {
                              "x": 54,
                              "y": 682
                            },
                            {
                              "x": 53,
                              "y": 709
                            },
                            {
                              "x": 40,
                              "y": 709
                            }
                          ]
                        },
                        "confidence": 0.14,
                        "property": {
                          "detectedLanguages": [
                            {
                              "languageCode": "fil"
                            }
                          ]
                        },
                        "text": "o"
                      },
                      {
                        "boundingBox": {
                          "vertices": [
                            {
                              "x": 59,
                              "y": 682
                            },
                            {
                              "x": 72,
                              "y": 682
                            },
                            {
                              "x": 71,
                              "y": 709
                            },
                            {
                              "x": 58,
                              "y": 709
                            }
                          ]
                        },
                        "confidence": 0.9,
                        "property": {
                          "detectedBreak": {
                            "type": "SPACE"
                          },
                          "detectedLanguages": [
                            {
                              "languageCode": "fil"
                            }
                          ]
                        },
                        "text": "n"
                      }
                    ]
                  },
                  {
                    "boundingBox": {
                      "vertices": [
                        {
                          "x": 89,
                          "y": 683
                        },
                        {
                          "x": 147,
                          "y": 684
                        },
                        {
                          "x": 146,
                          "y": 711
                        },
                        {
                          "x": 88,
                          "y": 710
                        }
                      ]
                    },
                    "confidence": 0.41,
                    "property": {
                      "detectedLanguages": [
                        {
                          "languageCode": "fil"
                        }
                      ]
                    },
                    "symbols": [
                      {
                        "boundingBox": {
                          "vertices": [
                            {
                              "x": 89,
                              "y": 683
                            },
                            {
                              "x": 104,
                              "y": 683
                            },
                            {
                              "x": 103,
                              "y": 710
                            },
                            {
                              "x": 88,
                              "y": 710
                            }
                          ]
                        },
                        "confidence": 0.17,
                        "property": {
                          "detectedLanguages": [
                            {
                              "languageCode": "fil"
                            }
                          ]
                        },
                        "text": "n"
                      },
                      {
                        "boundingBox": {
                          "vertices": [
                            {
                              "x": 108,
                              "y": 683
                            },
                            {
                              "x": 112,
                              "y": 683
                            },
                            {
                              "x": 111,
                              "y": 710
                            },
                            {
                              "x": 107,
                              "y": 710
                            }
                          ]
                        },
                        "confidence": 0.84,
                        "property": {
                          "detectedLanguages": [
                            {
                              "languageCode": "fil"
                            }
                          ]
                        },
                        "text": "i"
                      },
                      {
                        "boundingBox": {
                          "vertices": [
                            {
                              "x": 116,
                              "y": 684
                            },
                            {
                              "x": 128,
                              "y": 684
                            },
                            {
                              "x": 127,
                              "y": 711
                            },
                            {
                              "x": 115,
                              "y": 711
                            }
                          ]
                        },
                        "confidence": 0.49,
                        "property": {
                          "detectedLanguages": [
                            {
                              "languageCode": "fil"
                            }
                          ]
                        },
                        "text": "l"
                      },
                      {
                        "boundingBox": {
                          "vertices": [
                            {
                              "x": 132,
                              "y": 684
                            },
                            {
                              "x": 147,
                              "y": 684
                            },
                            {
                              "x": 146,
                              "y": 711
                            },
                            {
                              "x": 131,
                              "y": 711
                            }
                          ]
                        },
                        "confidence": 0.16,
                        "property": {
                          "detectedBreak": {
                            "type": "LINE_BREAK"
                          },
                          "detectedLanguages": [
                            {
                              "languageCode": "fil"
                            }
                          ]
                        },
                        "text": "a"
                      }
                    ]
                  }
                ]
              }
            ],
            "property": {
              "detectedLanguages": [
                {
                  "confidence": 1,
                  "languageCode": "fil"
                }
              ]
            }
          }
        ],
        "height": 708,
        "property": {
          "detectedLanguages": [
            {
              "confidence": 0.43,
              "languageCode": "en"
            },
            {
              "confidence": 0.16,
              "languageCode": "fil"
            }
          ]
        },
        "width": 720
      }
    ],
    "text": "A microwave\nis just\nChernobylin\nbox\na\non nila\n"
  },
  "imagePropertiesAnnotation": {
    "cropHints": [
      {
        "boundingPoly": {
          "vertices": [
            {
              "x": 72
            },
            {
              "x": 638
            },
            {
              "x": 638,
              "y": 707
            },
            {
              "x": 72,
              "y": 707
            }
          ]
        },
        "confidence": 0.54248875,
        "importanceFraction": 1
      },
      {
        "boundingPoly": {
          "vertices": [
            {},
            {
              "x": 708
            },
            {
              "x": 708,
              "y": 707
            },
            {
              "y": 707
            }
          ]
        },
        "confidence": 0.433991,
        "importanceFraction": 1
      },
      {
        "boundingPoly": {
          "vertices": [
            {
              "y": 53
            },
            {
              "x": 719,
              "y": 53
            },
            {
              "x": 719,
              "y": 654
            },
            {
              "y": 654
            }
          ]
        },
        "confidence": 0.5035742,
        "importanceFraction": 1
      }
    ],
    "dominantColors": {
      "colors": [
        {
          "color": {
            "blue": 234,
            "green": 234,
            "red": 237
          },
          "hex": "EDEAEA",
          "percent": 63.243162527184936,
          "percentRounded": 63,
          "pixelFraction": 0.39466873,
          "rgb": "237, 234,\n 234",
          "score": 0.53411597
        },
        {
          "color": {
            "blue": 29,
            "green": 36,
            "red": 235
          },
          "hex": "EB241D",
          "percent": 18.928999449022527,
          "percentRounded": 19,
          "pixelFraction": 0.1594203,
          "rgb": "235, 36,\n 29",
          "score": 0.15986362
        },
        {
          "color": {
            "blue": 14,
            "green": 14,
            "red": 15
          },
          "hex": "0F0E0E",
          "percent": 6.474151413900134,
          "percentRounded": 6,
          "pixelFraction": 0.13405797,
          "rgb": "15, 14,\n 14",
          "score": 0.05467702
        },
        {
          "color": {
            "blue": 84,
            "green": 85,
            "red": 86
          },
          "hex": "565554",
          "percent": 2.176144942513291,
          "percentRounded": 2,
          "pixelFraction": 0.019875776,
          "rgb": "86, 85,\n 84",
          "score": 0.018378489
        },
        {
          "color": {
            "blue": 55,
            "green": 65,
            "red": 198
          },
          "hex": "C64137",
          "percent": 1.8477480925114622,
          "percentRounded": 2,
          "pixelFraction": 0.02179089,
          "rgb": "198, 65,\n 55",
          "score": 0.015605035
        },
        {
          "color": {
            "blue": 53,
            "green": 70,
            "red": 119
          },
          "hex": "774635",
          "percent": 1.0522185421940924,
          "percentRounded": 1,
          "pixelFraction": 0.0064699794,
          "rgb": "119, 70,\n 53",
          "score": 0.0088864425
        },
        {
          "color": {
            "blue": 99,
            "green": 162,
            "red": 160
          },
          "hex": "A0A263",
          "percent": 0.19025875462397002,
          "percentRounded": 0,
          "pixelFraction": 0.00077639753,
          "rgb": "160, 162,\n 99",
          "score": 0.0016068178
        },
        {
          "color": {
            "blue": 113,
            "green": 166,
            "red": 236
          },
          "hex": "ECA671",
          "percent": 0.17476038043237918,
          "percentRounded": 0,
          "pixelFraction": 0.0007246377,
          "rgb": "236, 166,\n 113",
          "score": 0.0014759273
        },
        {
          "color": {
            "blue": 198,
            "green": 199,
            "red": 201
          },
          "hex": "C9C7C6",
          "percent": 3.688435091616288,
          "percentRounded": 4,
          "pixelFraction": 0.03167702,
          "rgb": "201, 199,\n 198",
          "score": 0.031150436
        },
        {
          "color": {
            "blue": 157,
            "green": 157,
            "red": 159
          },
          "hex": "9F9D9D",
          "percent": 2.2241208060009097,
          "percentRounded": 2,
          "pixelFraction": 0.023136646,
          "rgb": "159, 157,\n 157",
          "score": 0.018783666
        }
      ]
    }
  },
  "labelAnnotations": [
    {
      "description": "Rectangle",
      "mid": "/m/0j62f",
      "score": 0.8796622,
      "topicality": 0.8796622
    },
    {
      "description": "Font",
      "mid": "/m/03gq5hm",
      "score": 0.83737755,
      "topicality": 0.83737755
    },
    {
      "description": "Poster",
      "mid": "/m/01n5jq",
      "score": 0.73980594,
      "topicality": 0.73980594
    },
    {
      "description": "Advertising",
      "mid": "/m/011s0",
      "score": 0.7285985,
      "topicality": 0.7285985
    },
    {
      "description": "Handwriting",
      "mid": "/m/0gkxy13",
      "score": 0.7232029,
      "topicality": 0.7232029
    },
    {
      "description": "Signage",
      "mid": "/m/0bkqqh",
      "score": 0.6690437,
      "topicality": 0.6690437
    },
    {
      "description": "Event",
      "mid": "/m/081pkj",
      "score": 0.659231,
      "topicality": 0.659231
    },
    {
      "description": "Illustration",
      "mid": "/m/01kr8f",
      "score": 0.65664554,
      "topicality": 0.65664554
    },
    {
      "description": "Logo",
      "mid": "/m/0dwx7",
      "score": 0.6564484,
      "topicality": 0.6564484
    },
    {
      "description": "Book",
      "mid": "/m/0bt_c3",
      "score": 0.64381623,
      "topicality": 0.64381623
    },
    {
      "description": "Plant",
      "mid": "/m/05s2s",
      "score": 0.63365686,
      "topicality": 0.63365686
    },
    {
      "description": "Graphics",
      "mid": "/m/021sdg",
      "score": 0.6223712,
      "topicality": 0.6223712
    },
    {
      "description": "Billboard",
      "mid": "/m/01knjb",
      "score": 0.6115583,
      "topicality": 0.6115583
    },
    {
      "description": "Grass",
      "mid": "/m/08t9c_",
      "score": 0.58555216,
      "topicality": 0.58555216
    },
    {
      "description": "Label",
      "mid": "/m/05c0n6k",
      "score": 0.5741494,
      "topicality": 0.5741494
    },
    {
      "description": "Graphic design",
      "mid": "/m/03c31",
      "score": 0.56943434,
      "topicality": 0.56943434
    },
    {
      "description": "Publication",
      "mid": "/m/01h1dd",
      "score": 0.56578743,
      "topicality": 0.56578743
    },
    {
      "description": "Sign",
      "mid": "/m/06zsq",
      "score": 0.5606673,
      "topicality": 0.5606673
    },
    {
      "description": "Fiction",
      "mid": "/m/02xlf",
      "score": 0.56011343,
      "topicality": 0.56011343
    },
    {
      "description": "Photo caption",
      "mid": "/m/0b75wg4",
      "score": 0.5593441,
      "topicality": 0.5593441
    },
    {
      "description": "Natural foods",
      "mid": "/m/08tlbj",
      "score": 0.554032,
      "topicality": 0.554032
    },
    {
      "description": "Banner",
      "mid": "/m/0m9cj",
      "score": 0.54527485,
      "topicality": 0.54527485
    },
    {
      "description": "Brand",
      "mid": "/m/01cd9",
      "score": 0.5286167,
      "topicality": 0.5286167
    }
  ],
  "localizedObjectAnnotations": [
    {
      "boundingPoly": {
        "normalizedVertices": [
          {
            "x": 0.015271012,
            "y": 0.7920119
          },
          {
            "x": 0.9870004,
            "y": 0.7920119
          },
          {
            "x": 0.9870004,
            "y": 0.9917038
          },
          {
            "x": 0.015271012,
            "y": 0.9917038
          }
        ]
      },
      "mid": "/m/0jbk",
      "name": "Animal",
      "score": 0.6181994
    }
  ],
  "safeSearchAnnotation": {
    "adult": "VERY_UNLIKELY",
    "medical": "UNLIKELY",
    "racy": "VERY_UNLIKELY",
    "spoof": "UNLIKELY",
    "violence": "VERY_UNLIKELY"
  },
  "textAnnotations": [
    {
      "boundingPoly": {
        "vertices": [
          {
            "x": 40,
            "y": 100
          },
          {
            "x": 620,
            "y": 100
          },
          {
            "x": 620,
            "y": 711
          },
          {
            "x": 40,
            "y": 711
          }
        ]
      },
      "description": "A microwave\nis just\nChernobylin\nbox\na\non nila\n",
      "locale": "en"
    },
    {
      "boundingPoly": {
        "vertices": [
          {
            "x": 116,
            "y": 100
          },
          {
            "x": 167,
            "y": 100
          },
          {
            "x": 167,
            "y": 179
          },
          {
            "x": 116,
            "y": 179
          }
        ]
      },
      "description": "A"
    },
    {
      "boundingPoly": {
        "vertices": [
          {
            "x": 188,
            "y": 100
          },
          {
            "x": 619,
            "y": 100
          },
          {
            "x": 619,
            "y": 179
          },
          {
            "x": 188,
            "y": 179
          }
        ]
      },
      "description": "microwave"
    },
    {
      "boundingPoly": {
        "vertices": [
          {
            "x": 260,
            "y": 182
          },
          {
            "x": 311,
            "y": 182
          },
          {
            "x": 311,
            "y": 227
          },
          {
            "x": 260,
            "y": 227
          }
        ]
      },
      "description": "is"
    },
    {
      "boundingPoly": {
        "vertices": [
          {
            "x": 324,
            "y": 182
          },
          {
            "x": 473,
            "y": 182
          },
          {
            "x": 473,
            "y": 227
          },
          {
            "x": 324,
            "y": 227
          }
        ]
      },
      "description": "just"
    },
    {
      "boundingPoly": {
        "vertices": [
          {
            "x": 83,
            "y": 223
          },
          {
            "x": 614,
            "y": 207
          },
          {
            "x": 620,
            "y": 401
          },
          {
            "x": 89,
            "y": 418
          }
        ]
      },
      "description": "Chernobylin"
    },
    {
      "boundingPoly": {
        "vertices": [
          {
            "x": 279,
            "y": 371
          },
          {
            "x": 498,
            "y": 365
          },
          {
            "x": 500,
            "y": 444
          },
          {
            "x": 281,
            "y": 450
          }
        ]
      },
      "description": "box"
    },
    {
      "boundingPoly": {
        "vertices": [
          {
            "x": 211,
            "y": 422
          },
          {
            "x": 253,
            "y": 414
          },
          {
            "x": 260,
            "y": 450
          },
          {
            "x": 218,
            "y": 458
          }
        ]
      },
      "description": "a"
    },
    {
      "boundingPoly": {
        "vertices": [
          {
            "x": 41,
            "y": 682
          },
          {
            "x": 72,
            "y": 683
          },
          {
            "x": 71,
            "y": 710
          },
          {
            "x": 40,
            "y": 709
          }
        ]
      },
      "description": "on"
    },
    {
      "boundingPoly": {
        "vertices": [
          {
            "x": 89,
            "y": 683
          },
          {
            "x": 147,
            "y": 684
          },
          {
            "x": 146,
            "y": 711
          },
          {
            "x": 88,
            "y": 710
          }
        ]
      },
      "description": "nila"
    }
  ]
}
