{
  "cropHintsAnnotation": {
    "cropHints": [
      {
        "boundingPoly": {
          "vertices": [
            {
              "x": 61
            },
            {
              "x": 541
            },
            {
              "x": 541,
              "y": 599
            },
            {
              "x": 61,
              "y": 599
            }
          ]
        },
        "confidence": 0.5070557,
        "importanceFraction": 1
      },
      {
        "boundingPoly": {
          "vertices": [
            {},
            {
              "x": 601
            },
            {
              "x": 601,
              "y": 599
            },
            {
              "y": 599
            }
          ]
        },
        "confidence": 0.40564454,
        "importanceFraction": 1
      },
      {
        "boundingPoly": {
          "vertices": [
            {
              "y": 49
            },
            {
              "x": 601,
              "y": 49
            },
            {
              "x": 601,
              "y": 550
            },
            {
              "y": 550
            }
          ]
        },
        "confidence": 0.48354447,
        "importanceFraction": 1
      }
    ]
  },
  "fullTextAnnotation": {
    "pages": [
      {
        "blocks": [
          {
            "blockType": "TEXT",
            "boundingBox": {
              "vertices": [
                {
                  "x": 196,
                  "y": 57
                },
                {
                  "x": 430,
                  "y": 60
                },
                {
                  "x": 427,
                  "y": 361
                },
                {
                  "x": 193,
                  "y": 358
                }
              ]
            },
            "confidence": 0.99,
            "paragraphs": [
              {
                "boundingBox": {
                  "vertices": [
                    {
                      "x": 210,
                      "y": 57
                    },
                    {
                      "x": 413,
                      "y": 63
                    },
                    {
                      "x": 412,
                      "y": 103
                    },
                    {
                      "x": 209,
                      "y": 97
                    }
                  ]
                },
                "confidence": 0.99,
                "property": {
                  "detectedLanguages": [
                    {
                      "confidence": 1,
                      "languageCode": "en"
                    }
                  ]
                },
                "words": [
                  {
                    "boundingBox": {
                      "vertices": [
                        {
                          "x": 210,
                          "y": 58
                        },
                        {
                          "x": 295,
                          "y": 60
                        },
                        {
                          "x": 294,
                          "y": 99
                        },
                        {
                          "x": 209,
                          "y": 97
                        }
                      ]
                    },
                    "confidence": 0.99,
                    "property": {
                      "detectedLanguages": [
                        {
                          "languageCode": "en"
                        }
                      ]
                    },
                    "symbols": [
                      {
                        "boundingBox": {
                          "vertices": [
                            {
                              "x": 210,
                              "y": 58
                            },
                            {
                              "x": 231,
                              "y": 59
                            },
                            {
                              "x": 230,
                              "y": 98
                            },
                            {
                              "x": 209,
                              "y": 97
                            }
                          ]
                        },
                        "confidence": 0.99,
                        "property": {
                          "detectedLanguages": [
                            {
                              "languageCode": "en"
                            }
                          ]
                        },
                        "text": "Z"
                      },
                      {
                        "boundingBox": {
                          "vertices": [
                            {
                              "x": 241,
                              "y": 59
                            },
                            {
                              "x": 254,
                              "y": 59
                            },
                            {
                              "x": 253,
                              "y": 98
                            },
                            {
                              "x": 240,
                              "y": 98
                            }
                          ]
                        },
                        "confidence": 0.99,
                        "property": {
                          "detectedLanguages": [
                            {
                              "languageCode": "en"
                            }
                          ]
                        },
                        "text": "e"
                      },
                      {
                        "boundingBox": {
                          "vertices": [
                            {
                              "x": 257,
                              "y": 59
                            },
                            {
                              "x": 269,
                              "y": 59
                            },
                            {
                              "x": 268,
                              "y": 98
                            },
                            {
                              "x": 256,
                              "y": 98
                            }
                          ]
                        },
                        "confidence": 0.99,
                        "property": {
                          "detectedLanguages": [
                            {
                              "languageCode": "en"
                            }
                          ]
                        },
                        "text": "r"
                      },
                      {
                        "boundingBox": {
                          "vertices": [
                            {
                              "x": 277,
                              "y": 60
                            },
                            {
                              "x": 295,
                              "y": 61
                            },
                            {
                              "x": 294,
                              "y": 99
                            },
                            {
                              "x": 276,
                              "y": 99
                            }
                          ]
                        },
                        "confidence": 1,
                        "property": {
                          "detectedBreak": {
                            "type": "SPACE"
                          },
                          "detectedLanguages": [
                            {
                              "languageCode": "en"
                            }
                          ]
                        },
                        "text": "o"
                      }
                    ]
                  },
                  {
                    "boundingBox": {
                      "vertices": [
                        {
                          "x": 308,
                          "y": 61
                        },
                        {
                          "x": 335,
                          "y": 62
                        },
                        {
                          "x": 334,
                          "y": 101
                        },
                        {
                          "x": 307,
                          "y": 100
                        }
                      ]
                    },
                    "confidence": 0.99,
                    "property": {
                      "detectedLanguages": [
                        {
                          "languageCode": "en"
                        }
                      ]
                    },
                    "symbols": [
                      {
                        "boundingBox": {
                          "vertices": [
                            {
                              "x": 308,
                              "y": 61
                            },
                            {
                              "x": 315,
                              "y": 61
                            },
                            {
                              "x": 314,
                              "y": 100
                            },
                            {
                              "x": 307,
                              "y": 100
                            }
                          ]
                        },
                        "confidence": 0.99,
                        "property": {
                          "detectedLanguages": [
                            {
                              "languageCode": "en"
                            }
                          ]
                        },
                        "text": "i"
                      },
                      {
                        "boundingBox": {
                          "vertices": [
                            {
                              "x": 318,
                              "y": 61
                            },
                            {
                              "x": 335,
                              "y": 61
                            },
                            {
                              "x": 334,
                              "y": 100
                            },
                            {
                              "x": 317,
                              "y": 100
                            }
                          ]
                        },
                        "confidence": 1,
                        "property": {
                          "detectedBreak": {
                            "type": "SPACE"
                          },
                          "detectedLanguages": [
                            {
                              "languageCode": "en"
                            }
                          ]
                        },
                        "text": "s"
                      }
                    ]
                  },
                  {
                    "boundingBox": {
                      "vertices": [
                        {
                          "x": 344,
                          "y": 61
                        },
                        {
                          "x": 413,
                          "y": 63
                        },
                        {
                          "x": 412,
                          "y": 103
                        },
                        {
                          "x": 343,
                          "y": 101
                        }
                      ]
                    },
                    "confidence": 0.99,
                    "property": {
                      "detectedLanguages": [
                        {
                          "languageCode": "en"
                        }
                      ]
                    },
                    "symbols": [
                      {
                        "boundingBox": {
                          "vertices": [
                            {
                              "x": 344,
                              "y": 62
                            },
                            {
                              "x": 360,
                              "y": 62
                            },
                            {
                              "x": 359,
                              "y": 101
                            },
                            {
                              "x": 343,
                              "y": 101
                            }
                          ]
                        },
                        "confidence": 0.99,
                        "property": {
                          "detectedLanguages": [
                            {
                              "languageCode": "en"
                            }
                          ]
                        },
                        "text": "j"
                      },
                      {
                        "boundingBox": {
                          "vertices": [
                            {
                              "x": 361,
                              "y": 62
                            },
                            {
                              "x": 374,
                              "y": 62
                            },
                            {
                              "x": 373,
                              "y": 101
                            },
                            {
                              "x": 360,
                              "y": 101
                            }
                          ]
                        },
                        "confidence": 1,
                        "property": {
                          "detectedLanguages": [
                            {
                              "languageCode": "en"
                            }
                          ]
                        },
                        "text": "u"
                      },
                      {
                        "boundingBox": {
                          "vertices": [
                            {
                              "x": 384,
                              "y": 63
                            },
                            {
                              "x": 398,
                              "y": 63
                            },
                            {
                              "x": 397,
                              "y": 102
                            },
                            {
                              "x": 383,
                              "y": 102
                            }
                          ]
                        },
                        "confidence": 1,
                        "property": {
                          "detectedLanguages": [
                            {
                              "languageCode": "en"
                            }
                          ]
                        },
                        "text": "s"
                      },
                      {
                        "boundingBox": {
                          "vertices": [
                            {
                              "x": 403,
                              "y": 63
                            },
                            {
                              "x": 413,
                              "y": 63
                            },
                            {
                              "x": 412,
                              "y": 102
                            },
                            {
                              "x": 402,
                              "y": 102
                            }
                          ]
                        },
                        "confidence": 0.99,
                        "property": {
                          "detectedBreak": {
                            "type": "LINE_BREAK"
                          },
                          "detectedLanguages": [
                            {
                              "languageCode": "en"
                            }
                          ]
                        },
                        "text": "t"
                      }
                    ]
                  }
                ]
              },
              {
                "boundingBox": {
                  "vertices": [
                    {
                      "x": 231,
                      "y": 113
                    },
                    {
                      "x": 388,
                      "y": 113
                    },
                    {
                      "x": 388,
                      "y": 199
                    },
                    {
                      "x": 231,
                      "y": 199
                    }
                  ]
                },
                "confidence": 0.99,
                "property": {
                  "detectedLanguages": [
                    {
                      "confidence": 0.5,
                      "languageCode": "en"
                    },
                    {
                      "confidence": 0.5,
                      "languageCode": "hu"
                    }
                  ]
                },
                "words": [
                  {
                    "boundingBox": {
                      "vertices": [
                        {
                          "x": 240,
                          "y": 114
                        },
                        {
                          "x": 259,
                          "y": 114
                        },
                        {
                          "x": 259,
                          "y": 153
                        },
                        {
                          "x": 240,
                          "y": 153
                        }
                      ]
                    },
                    "confidence": 0.99,
                    "property": {
                      "detectedLanguages": [
                        {
                          "languageCode": "hu"
                        }
                      ]
                    },
                    "symbols": [
                      {
                        "boundingBox": {
                          "vertices": [
                            {
                              "x": 240,
                              "y": 114
                            },
                            {
                              "x": 259,
                              "y": 114
                            },
                            {
                              "x": 259,
                              "y": 153
                            },
                            {
                              "x": 240,
                              "y": 153
                            }
                          ]
                        },
                        "confidence": 0.99,
                        "property": {
                          "detectedBreak": {
                            "type": "SPACE"
                          },
                          "detectedLanguages": [
                            {
                              "languageCode": "hu"
                            }
                          ]
                        },
                        "text": "a"
                      }
                    ]
                  },
                  {
                    "boundingBox": {
                      "vertices": [
                        {
                          "x": 271,
                          "y": 113
                        },
                        {
                          "x": 381,
                          "y": 114
                        },
                        {
                          "x": 381,
                          "y": 154
                        },
                        {
                          "x": 271,
                          "y": 153
                        }
                      ]
                    },
                    "confidence": 0.99,
                    "property": {
                      "detectedLanguages": [
                        {
                          "languageCode": "hu"
                        }
                      ]
                    },
                    "symbols": [
                      {
                        "boundingBox": {
                          "vertices": [
                            {
                              "x": 271,
                              "y": 114
                            },
                            {
                              "x": 292,
                              "y": 114
                            },
                            {
                              "x": 292,
                              "y": 153
                            },
                            {
                              "x": 271,
                              "y": 153
                            }
                          ]
                        },
                        "confidence": 0.99,
                        "property": {
                          "detectedLanguages": [
                            {
                              "languageCode": "hu"
                            }
                          ]
                        },
                        "text": "p"
                      },
                      {
                        "boundingBox": {
                          "vertices": [
                            {
                              "x": 299,
                              "y": 114
                            },
                            {
                              "x": 313,
                              "y": 114
                            },
                            {
                              "x": 313,
                              "y": 153
                            },
                            {
                              "x": 299,
                              "y": 153
                            }
                          ]
                        },
                        "confidence": 1,
                        "property": {
                          "detectedLanguages": [
                            {
                              "languageCode": "hu"
                            }
                          ]
                        },
                        "text": "o"
                      },
                      {
                        "boundingBox": {
                          "vertices": [
                            {
                              "x": 320,
                              "y": 114
                            },
                            {
                              "x": 332,
                              "y": 114
                            },
                            {
                              "x": 332,
                              "y": 153
                            },
                            {
                              "x": 320,
                              "y": 153
                            }
                          ]
                        },
                        "confidence": 0.99,
                        "property": {
                          "detectedLanguages": [
                            {
                              "languageCode": "hu"
                            }
                          ]
                        },
                        "text": "r"
                      },
                      {
                        "boundingBox": {
                          "vertices": [
                            {
                              "x": 337,
                              "y": 114
                            },
                            {
                              "x": 350,
                              "y": 114
                            },
                            {
                              "x": 350,
                              "y": 153
                            },
                            {
                              "x": 337,
                              "y": 153
                            }
                          ]
                        },
                        "confidence": 1,
                        "property": {
                          "detectedLanguages": [
                            {
                              "languageCode": "hu"
                            }
                          ]
                        },
                        "text": "t"
                      },
                      {
                        "boundingBox": {
                          "vertices": [
                            {
                              "x": 357,
                              "y": 114
                            },
                            {
                              "x": 369,
                              "y": 114
                            },
                            {
                              "x": 369,
                              "y": 153
                            },
                            {
                              "x": 357,
                              "y": 153
                            }
                          ]
                        },
                        "confidence": 1,
                        "property": {
                          "detectedLanguages": [
                            {
                              "languageCode": "hu"
                            }
                          ]
                        },
                        "text": "a"
                      },
                      {
                        "boundingBox": {
                          "vertices": [
                            {
                              "x": 375,
                              "y": 114
                            },
                            {
                              "x": 381,
                              "y": 114
                            },
                            {
                              "x": 381,
                              "y": 153
                            },
                            {
                              "x": 375,
                              "y": 153
                            }
                          ]
                        },
                        "confidence": 0.99,
                        "property": {
                          "detectedBreak": {
                            "type": "EOL_SURE_SPACE"
                          },
                          "detectedLanguages": [
                            {
                              "languageCode": "hu"
                            }
                          ]
                        },
                        "text": "l"
                      }
                    ]
                  },
                  {
                    "boundingBox": {
                      "vertices": [
                        {
                          "x": 231,
                          "y": 161
                        },
                        {
                          "x": 388,
                          "y": 160
                        },
                        {
                          "x": 388,
                          "y": 198
                        },
                        {
                          "x": 231,
                          "y": 199
                        }
                      ]
                    },
                    "confidence": 0.99,
                    "property": {
                      "detectedLanguages": [
                        {
                          "languageCode": "en"
                        }
                      ]
                    },
                    "symbols": [
                      {
                        "boundingBox": {
                          "vertices": [
                            {
                              "x": 231,
                              "y": 161
                            },
                            {
                              "x": 249,
                              "y": 161
                            },
                            {
                              "x": 249,
                              "y": 198
                            },
                            {
                              "x": 231,
                              "y": 198
                            }
                          ]
                        },
                        "confidence": 0.99,
                        "property": {
                          "detectedLanguages": [
                            {
                              "languageCode": "en"
                            }
                          ]
                        },
                        "text": "b"
                      },
                      {
                        "boundingBox": {
                          "vertices": [
                            {
                              "x": 257,
                              "y": 161
                            },
                            {
                              "x": 271,
                              "y": 161
                            },
                            {
                              "x": 271,
                              "y": 198
                            },
                            {
                              "x": 257,
                              "y": 198
                            }
                          ]
                        },
                        "confidence": 1,
                        "property": {
                          "detectedLanguages": [
                            {
                              "languageCode": "en"
                            }
                          ]
                        },
                        "text": "e"
                      },
                      {
                        "boundingBox": {
                          "vertices": [
                            {
                              "x": 276,
                              "y": 161
                            },
                            {
                              "x": 289,
                              "y": 161
                            },
                            {
                              "x": 289,
                              "y": 198
                            },
                            {
                              "x": 276,
                              "y": 198
                            }
                          ]
                        },
                        "confidence": 1,
                        "property": {
                          "detectedLanguages": [
                            {
                              "languageCode": "en"
                            }
                          ]
                        },
                        "text": "t"
                      },
                      {
                        "boundingBox": {
                          "vertices": [
                            {
                              "x": 293,
                              "y": 161
                            },
                            {
                              "x": 311,
                              "y": 161
                            },
                            {
                              "x": 311,
                              "y": 198
                            },
                            {
                              "x": 293,
                              "y": 198
                            }
                          ]
                        },
                        "confidence": 0.99,
                        "property": {
                          "detectedLanguages": [
                            {
                              "languageCode": "en"
                            }
                          ]
                        },
                        "text": "w"
                      },
                      {
                        "boundingBox": {
                          "vertices": [
                            {
                              "x": 323,
                              "y": 161
                            },
                            {
                              "x": 341,
                              "y": 161
                            },
                            {
                              "x": 341,
                              "y": 198
                            },
                            {
                              "x": 323,
                              "y": 198
                            }
                          ]
                        },
                        "confidence": 1,
                        "property": {
                          "detectedLanguages": [
                            {
                              "languageCode": "en"
                            }
                          ]
                        },
                        "text": "e"
                      },
                      {
                        "boundingBox": {
                          "vertices": [
                            {
                              "x": 347,
                              "y": 161
                            },
                            {
                              "x": 361,
                              "y": 161
                            },
                            {
                              "x": 361,
                              "y": 198
                            },
                            {
                              "x": 347,
                              "y": 198
                            }
                          ]
                        },
                        "confidence": 1,
                        "property": {
                          "detectedLanguages": [
                            {
                              "languageCode": "en"
                            }
                          ]
                        },
                        "text": "e"
                      },
                      {
                        "boundingBox": {
                          "vertices": [
                            {
                              "x": 369,
                              "y": 161
                            },
                            {
                              "x": 388,
                              "y": 161
                            },
                            {
                              "x": 388,
                              "y": 198
                            },
                            {
                              "x": 369,
                              "y": 198
                            }
                          ]
                        },
                        "confidence": 1,
                        "property": {
                          "detectedBreak": {
                            "type": "LINE_BREAK"
                          },
                          "detectedLanguages": [
                            {
                              "languageCode": "en"
                            }
                          ]
                        },
                        "text": "n"
                      }
                    ]
                  }
                ]
              },
              {
                "boundingBox": {
                  "vertices": [
                    {
                      "x": 194,
                      "y": 215
                    },
                    {
                      "x": 427,
                      "y": 215
                    },
                    {
                      "x": 427,
                      "y": 318
                    },
                    {
                      "x": 194,
                      "y": 318
                    }
                  ]
                },
                "confidence": 0.99,
                "property": {
                  "detectedLanguages": [
                    {
                      "confidence": 1,
                      "languageCode": "en"
                    }
                  ]
                },
                "words": [
                  {
                    "boundingBox": {
                      "vertices": [
                        {
                          "x": 240,
                          "y": 215
                        },
                        {
                          "x": 382,
                          "y": 215
                        },
                        {
                          "x": 382,
                          "y": 263
                        },
                        {
                          "x": 240,
                          "y": 263
                        }
                      ]
                    },
                    "confidence": 0.99,
                    "property": {
                      "detectedLanguages": [
                        {
                          "languageCode": "en"
                        }
                      ]
                    },
                    "symbols": [
                      {
                        "boundingBox": {
                          "vertices": [
                            {
                              "x": 240,
                              "y": 215
                            },
                            {
                              "x": 262,
                              "y": 215
                            },
                            {
                              "x": 262,
                              "y": 263
                            },
                            {
                              "x": 240,
                              "y": 263
                            }
                          ]
                        },
                        "confidence": 0.99,
                        "property": {
                          "detectedLanguages": [
                            {
                              "languageCode": "en"
                            }
                          ]
                        },
                        "text": "p"
                      },
                      {
                        "boundingBox": {
                          "vertices": [
                            {
                              "x": 269,
                              "y": 215
                            },
                            {
                              "x": 284,
                              "y": 215
                            },
                            {
                              "x": 284,
                              "y": 263
                            },
                            {
                              "x": 269,
                              "y": 263
                            }
                          ]
                        },
                        "confidence": 0.99,
                        "property": {
                          "detectedLanguages": [
                            {
                              "languageCode": "en"
                            }
                          ]
                        },
                        "text": "o"
                      },
                      {
                        "boundingBox": {
                          "vertices": [
                            {
                              "x": 290,
                              "y": 215
                            },
                            {
                              "x": 303,
                              "y": 215
                            },
                            {
                              "x": 303,
                              "y": 263
                            },
                            {
                              "x": 290,
                              "y": 263
                            }
                          ]
                        },
                        "confidence": 1,
                        "property": {
                          "detectedLanguages": [
                            {
                              "languageCode": "en"
                            }
                          ]
                        },
                        "text": "s"
                      },
                      {
                        "boundingBox": {
                          "vertices": [
                            {
                              "x": 311,
                              "y": 215
                            },
                            {
                              "x": 321,
                              "y": 215
                            },
                            {
                              "x": 321,
                              "y": 263
                            },
                            {
                              "x": 311,
                              "y": 263
                            }
                          ]
                        },
                        "confidence": 0.99,
                        "property": {
                          "detectedLanguages": [
                            {
                              "languageCode": "en"
                            }
                          ]
                        },
                        "text": "i"
                      },
                      {
                        "boundingBox": {
                          "vertices": [
                            {
                              "x": 321,
                              "y": 215
                            },
                            {
                              "x": 330,
                              "y": 215
                            },
                            {
                              "x": 330,
                              "y": 263
                            },
                            {
                              "x": 321,
                              "y": 263
                            }
                          ]
                        },
                        "confidence": 1,
                        "property": {
                          "detectedLanguages": [
                            {
                              "languageCode": "en"
                            }
                          ]
                        },
                        "text": "t"
                      },
                      {
                        "boundingBox": {
                          "vertices": [
                            {
                              "x": 335,
                              "y": 215
                            },
                            {
                              "x": 346,
                              "y": 215
                            },
                            {
                              "x": 346,
                              "y": 263
                            },
                            {
                              "x": 335,
                              "y": 263
                            }
                          ]
                        },
                        "confidence": 1,
                        "property": {
                          "detectedLanguages": [
                            {
                              "languageCode": "en"
                            }
                          ]
                        },
                        "text": "i"
                      },
                      {
                        "boundingBox": {
                          "vertices": [
                            {
                              "x": 349,
                              "y": 215
                            },
                            {
                              "x": 361,
                              "y": 215
                            },
                            {
                              "x": 361,
                              "y": 263
                            },
                            {
                              "x": 349,
                              "y": 263
                            }
                          ]
                        },
                        "confidence": 0.99,
                        "property": {
                          "detectedLanguages": [
                            {
                              "languageCode": "en"
                            }
                          ]
                        },
                        "text": "v"
                      },
                      {
                        "boundingBox": {
                          "vertices": [
                            {
                              "x": 369,
                              "y": 215
                            },
                            {
                              "x": 382,
                              "y": 215
                            },
                            {
                              "x": 382,
                              "y": 263
                            },
                            {
                              "x": 369,
                              "y": 263
                            }
                          ]
                        },
                        "confidence": 1,
                        "property": {
                          "detectedBreak": {
                            "type": "EOL_SURE_SPACE"
                          },
                          "detectedLanguages": [
                            {
                              "languageCode": "en"
                            }
                          ]
                        },
                        "text": "e"
                      }
                    ]
                  },
                  {
                    "boundingBox": {
                      "vertices": [
                        {
                          "x": 195,
                          "y": 266
                        },
                        {
                          "x": 261,
                          "y": 267
                        },
                        {
                          "x": 260,
                          "y": 314
                        },
                        {
                          "x": 194,
                          "y": 313
                        }
                      ]
                    },
                    "confidence": 0.99,
                    "property": {
                      "detectedLanguages": [
                        {
                          "languageCode": "en"
                        }
                      ]
                    },
                    "symbols": [
                      {
                        "boundingBox": {
                          "vertices": [
                            {
                              "x": 195,
                              "y": 267
                            },
                            {
                              "x": 214,
                              "y": 267
                            },
                            {
                              "x": 213,
                              "y": 313
                            },
                            {
                              "x": 194,
                              "y": 313
                            }
                          ]
                        },
                        "confidence": 0.99,
                        "property": {
                          "detectedLanguages": [
                            {
                              "languageCode": "en"
                            }
                          ]
                        },
                        "text": "a"
                      },
                      {
                        "boundingBox": {
                          "vertices": [
                            {
                              "x": 216,
                              "y": 267
                            },
                            {
                              "x": 237,
                              "y": 267
                            },
                            {
                              "x": 236,
                              "y": 313
                            },
                            {
                              "x": 215,
                              "y": 313
                            }
                          ]
                        },
                        "confidence": 1,
                        "property": {
                          "detectedLanguages": [
                            {
                              "languageCode": "en"
                            }
                          ]
                        },
                        "text": "n"
                      },
                      {
                        "boundingBox": {
                          "vertices": [
                            {
                              "x": 240,
                              "y": 267
                            },
                            {
                              "x": 261,
                              "y": 267
                            },
                            {
                              "x": 260,
                              "y": 313
                            },
                            {
                              "x": 239,
                              "y": 313
                            }
                          ]
                        },
                        "confidence": 1,
                        "property": {
                          "detectedBreak": {
                            "type": "SPACE"
                          },
                          "detectedLanguages": [
                            {
                              "languageCode": "en"
                            }
                          ]
                        },
                        "text": "d"
                      }
                    ]
                  },
                  {
                    "boundingBox": {
                      "vertices": [
                        {
                          "x": 274,
                          "y": 268
                        },
                        {
                          "x": 427,
                          "y": 271
                        },
                        {
                          "x": 426,
                          "y": 318
                        },
                        {
                          "x": 273,
                          "y": 315
                        }
                      ]
                    },
                    "confidence": 0.99,
                    "property": {
                      "detectedLanguages": [
                        {
                          "languageCode": "en"
                        }
                      ]
                    },
                    "symbols": [
                      {
                        "boundingBox": {
                          "vertices": [
                            {
                              "x": 274,
                              "y": 268
                            },
                            {
                              "x": 295,
                              "y": 268
                            },
                            {
                              "x": 294,
                              "y": 314
                            },
                            {
                              "x": 273,
                              "y": 314
                            }
                          ]
                        },
                        "confidence": 0.99,
                        "property": {
                          "detectedLanguages": [
                            {
                              "languageCode": "en"
                            }
                          ]
                        },
                        "text": "n"
                      },
                      {
                        "boundingBox": {
                          "vertices": [
                            {
                              "x": 301,
                              "y": 269
                            },
                            {
                              "x": 317,
                              "y": 269
                            },
                            {
                              "x": 316,
                              "y": 315
                            },
                            {
                              "x": 300,
                              "y": 315
                            }
                          ]
                        },
                        "confidence": 1,
                        "property": {
                          "detectedLanguages": [
                            {
                              "languageCode": "en"
                            }
                          ]
                        },
                        "text": "e"
                      },
                      {
                        "boundingBox": {
                          "vertices": [
                            {
                              "x": 325,
                              "y": 269
                            },
                            {
                              "x": 339,
                              "y": 269
                            },
                            {
                              "x": 338,
                              "y": 315
                            },
                            {
                              "x": 324,
                              "y": 315
                            }
                          ]
                        },
                        "confidence": 0.99,
                        "property": {
                          "detectedLanguages": [
                            {
                              "languageCode": "en"
                            }
                          ]
                        },
                        "text": "g"
                      },
                      {
                        "boundingBox": {
                          "vertices": [
                            {
                              "x": 345,
                              "y": 269
                            },
                            {
                              "x": 358,
                              "y": 269
                            },
                            {
                              "x": 357,
                              "y": 315
                            },
                            {
                              "x": 344,
                              "y": 315
                            }
                          ]
                        },
                        "confidence": 1,
                        "property": {
                          "detectedLanguages": [
                            {
                              "languageCode": "en"
                            }
                          ]
                        },
                        "text": "a"
                      },
                      {
                        "boundingBox": {
                          "vertices": [
                            {
                              "x": 363,
                              "y": 270
                            },
                            {
                              "x": 376,
                              "y": 270
                            },
                            {
                              "x": 375,
                              "y": 316
                            },
                            {
                              "x": 362,
                              "y": 316
                            }
                          ]
                        },
                        "confidence": 1,
                        "property": {
                          "detectedLanguages": [
                            {
                              "languageCode": "en"
                            }
                          ]
                        },
                        "text": "t"
                      },
                      {
                        "boundingBox": {
                          "vertices": [
                            {
                              "x": 384,
                              "y": 270
                            },
                            {
                              "x": 394,
                              "y": 270
                            },
                            {
                              "x": 393,
                              "y": 316
                            },
                            {
                              "x": 383,
                              "y": 316
                            }
                          ]
                        },
                        "confidence": 1,
                        "property": {
                          "detectedLanguages": [
                            {
                              "languageCode": "en"
                            }
                          ]
                        },
                        "text": "i"
                      },
                      {
                        "boundingBox": {
                          "vertices": [
                            {
                              "x": 392,
                              "y": 270
                            },
                            {
                              "x": 404,
                              "y": 270
                            },
                            {
                              "x": 403,
                              "y": 316
                            },
                            {
                              "x": 391,
                              "y": 316
                            }
                          ]
                        },
                        "confidence": 1,
                        "property": {
                          "detectedLanguages": [
                            {
                              "languageCode": "en"
                            }
                          ]
                        },
                        "text": "v"
                      },
                      {
                        "boundingBox": {
                          "vertices": [
                            {
                              "x": 414,
                              "y": 271
                            },
                            {
                              "x": 427,
                              "y": 271
                            },
                            {
                              "x": 426,
                              "y": 317
                            },
                            {
                              "x": 413,
                              "y": 317
                            }
                          ]
                        },
                        "confidence": 1,
                        "property": {
                          "detectedBreak": {
                            "type": "LINE_BREAK"
                          },
                          "detectedLanguages": [
                            {
                              "languageCode": "en"
                            }
                          ]
                        },
                        "text": "e"
                      }
                    ]
                  }
                ]
              },
              {
                "boundingBox": {
                  "vertices": [
                    {
                      "x": 226,
                      "y": 321
                    },
                    {
                      "x": 396,
                      "y": 322
                    },
                    {
                      "x": 396,
                      "y": 359
                    },
                    {
                      "x": 226,
                      "y": 358
                    }
                  ]
                },
                "confidence": 0.99,
                "property": {
                  "detectedLanguages": [
                    {
                      "confidence": 1,
                      "languageCode": "en"
                    }
                  ]
                },
                "words": [
                  {
                    "boundingBox": {
                      "vertices": [
                        {
                          "x": 226,
                          "y": 321
                        },
                        {
                          "x": 389,
                          "y": 322
                        },
                        {
                          "x": 389,
                          "y": 359
                        },
                        {
                          "x": 226,
                          "y": 358
                        }
                      ]
                    },
                    "confidence": 0.99,
                    "property": {
                      "detectedLanguages": [
                        {
                          "languageCode": "en"
                        }
                      ]
                    },
                    "symbols": [
                      {
                        "boundingBox": {
                          "vertices": [
                            {
                              "x": 226,
                              "y": 322
                            },
                            {
                              "x": 245,
                              "y": 322
                            },
                            {
                              "x": 245,
                              "y": 358
                            },
                            {
                              "x": 226,
                              "y": 358
                            }
                          ]
                        },
                        "confidence": 0.99,
                        "property": {
                          "detectedLanguages": [
                            {
                              "languageCode": "en"
                            }
                          ]
                        },
                        "text": "n"
                      },
                      {
                        "boundingBox": {
                          "vertices": [
                            {
                              "x": 252,
                              "y": 322
                            },
                            {
                              "x": 268,
                              "y": 322
                            },
                            {
                              "x": 268,
                              "y": 358
                            },
                            {
                              "x": 252,
                              "y": 358
                            }
                          ]
                        },
                        "confidence": 0.99,
                        "property": {
                          "detectedLanguages": [
                            {
                              "languageCode": "en"
                            }
                          ]
                        },
                        "text": "u"
                      },
                      {
                        "boundingBox": {
                          "vertices": [
                            {
                              "x": 273,
                              "y": 322
                            },
                            {
                              "x": 292,
                              "y": 322
                            },
                            {
                              "x": 292,
                              "y": 358
                            },
                            {
                              "x": 273,
                              "y": 358
                            }
                          ]
                        },
                        "confidence": 0.99,
                        "property": {
                          "detectedLanguages": [
                            {
                              "languageCode": "en"
                            }
                          ]
                        },
                        "text": "m"
                      },
                      {
                        "boundingBox": {
                          "vertices": [
                            {
                              "x": 306,
                              "y": 322
                            },
                            {
                              "x": 327,
                              "y": 322
                            },
                            {
                              "x": 327,
                              "y": 358
                            },
                            {
                              "x": 306,
                              "y": 358
                            }
                          ]
                        },
                        "confidence": 0.99,
                        "property": {
                          "detectedLanguages": [
                            {
                              "languageCode": "en"
                            }
                          ]
                        },
                        "text": "b"
                      },
                      {
                        "boundingBox": {
                          "vertices": [
                            {
                              "x": 335,
                              "y": 322
                            },
                            {
                              "x": 349,
                              "y": 322
                            },
                            {
                              "x": 349,
                              "y": 358
                            },
                            {
                              "x": 335,
                              "y": 358
                            }
                          ]
                        },
                        "confidence": 1,
                        "property": {
                          "detectedLanguages": [
                            {
                              "languageCode": "en"
                            }
                          ]
                        },
                        "text": "e"
                      },
                      {
                        "boundingBox": {
                          "vertices": [
                            {
                              "x": 353,
                              "y": 322
                            },
                            {
                              "x": 367,
                              "y": 322
                            },
                            {
                              "x": 367,
                              "y": 358
                            },
                            {
                              "x": 353,
                              "y": 358
                            }
                          ]
                        },
                        "confidence": 1,
                        "property": {
                          "detectedLanguages": [
                            {
                              "languageCode": "en"
                            }
                          ]
                        },
                        "text": "r"
                      },
                      {
                        "boundingBox": {
                          "vertices": [
                            {
                              "x": 376,
                              "y": 322
                            },
                            {
                              "x": 389,
                              "y": 322
                            },
                            {
                              "x": 389,
                              "y": 358
                            },
                            {
                              "x": 376,
                              "y": 358
                            }
                          ]
                        },
                        "confidence": 0.99,
                        "property": {
                          "detectedLanguages": [
                            {
                              "languageCode": "en"
                            }
                          ]
                        },
                        "text": "s"
                      }
                    ]
                  },
                  {
                    "boundingBox": {
                      "vertices": [
                        {
                          "x": 388,
                          "y": 322
                        },
                        {
                          "x": 396,
                          "y": 322
                        },
                        {
                          "x": 396,
                          "y": 358
                        },
                        {
                          "x": 388,
                          "y": 358
                        }
                      ]
                    },
                    "confidence": 0.97,
                    "property": {
                      "detectedLanguages": [
                        {
                          "languageCode": "en"
                        }
                      ]
                    },
                    "symbols": [
                      {
                        "boundingBox": {
                          "vertices": [
                            {
                              "x": 388,
                              "y": 322
                            },
                            {
                              "x": 396,
                              "y": 322
                            },
                            {
                              "x": 396,
                              "y": 358
                            },
                            {
                              "x": 388,
                              "y": 358
                            }
                          ]
                        },
                        "confidence": 0.97,
                        "property": {
                          "detectedBreak": {
                            "type": "LINE_BREAK"
                          },
                          "detectedLanguages": [
                            {
                              "languageCode": "en"
                            }
                          ]
                        },
                        "text": "."
                      }
                    ]
                  }
                ]
              }
            ],
            "property": {
              "detectedLanguages": [
                {
                  "confidence": 0.86,
                  "languageCode": "en"
                },
                {
                  "confidence": 0.14,
                  "languageCode": "hu"
                }
              ]
            }
          }
        ],
        "height": 600,
        "property": {
          "detectedLanguages": [
            {
              "confidence": 0.86,
              "languageCode": "en"
            },
            {
              "confidence": 0.14,
              "languageCode": "hu"
            }
          ]
        },
        "width": 602
      }
    ],
    "text": "Zero is just\na portal\nbetween\npositive\nand negative\nnumbers.\n"
  },
  "imagePropertiesAnnotation": {
    "cropHints": [
      {
        "boundingPoly": {
          "vertices": [
            {
              "x": 61
            },
            {
              "x": 541
            },
            {
              "x": 541,
              "y": 599
            },
            {
              "x": 61,
              "y": 599
            }
          ]
        },
        "confidence": 0.5070557,
        "importanceFraction": 1
      },
      {
        "boundingPoly": {
          "vertices": [
            {},
            {
              "x": 601
            },
            {
              "x": 601,
              "y": 599
            },
            {
              "y": 599
            }
          ]
        },
        "confidence": 0.40564454,
        "importanceFraction": 1
      },
      {
        "boundingPoly": {
          "vertices": [
            {
              "y": 49
            },
            {
              "x": 601,
              "y": 49
            },
            {
              "x": 601,
              "y": 550
            },
            {
              "y": 550
            }
          ]
        },
        "confidence": 0.48354447,
        "importanceFraction": 1
      }
    ],
    "dominantColors": {
      "colors": [
        {
          "color": {
            "blue": 251,
            "green": 251,
            "red": 251
          },
          "hex": "FBFBFB",
          "percent": 48.66069169497105,
          "percentRounded": 49,
          "pixelFraction": 0.48932785,
          "rgb": "251, 251,\n 251",
          "score": 0.381255
        },
        {
          "color": {
            "blue": 144,
            "green": 131,
            "red": 174
          },
          "hex": "AE8390",
          "percent": 25.06012284650107,
          "percentRounded": 25,
          "pixelFraction": 0.1679561,
          "rgb": "174, 131,\n 144",
          "score": 0.19634528
        },
        {
          "color": {
            "blue": 68,
            "green": 201,
            "red": 241
          },
          "hex": "F1C944",
          "percent": 5.412690109923251,
          "percentRounded": 5,
          "pixelFraction": 0.0026337449,
          "rgb": "241, 201,\n 68",
          "score": 0.042408258
        },
        {
          "color": {
            "blue": 90,
            "green": 90,
            "red": 83
          },
          "hex": "535A5A",
          "percent": 3.317318134429961,
          "percentRounded": 3,
          "pixelFraction": 0.04153635,
          "rgb": "83, 90,\n 90",
          "score": 0.025991084
        },
        {
          "color": {
            "blue": 93,
            "green": 153,
            "red": 174
          },
          "hex": "AE995D",
          "percent": 1.9919816464105815,
          "percentRounded": 2,
          "pixelFraction": 0.0029080934,
          "rgb": "174, 153,\n 93",
          "score": 0.015607114
        },
        {
          "color": {
            "blue": 32,
            "green": 40,
            "red": 164
          },
          "hex": "A42820",
          "percent": 1.685302568420255,
          "percentRounded": 2,
          "pixelFraction": 0.0025240055,
          "rgb": "164, 40,\n 32",
          "score": 0.013204293
        },
        {
          "color": {
            "blue": 95,
            "green": 96,
            "red": 182
          },
          "hex": "B6605F",
          "percent": 0.3123265159407096,
          "percentRounded": 0,
          "pixelFraction": 0.0009876543,
          "rgb": "182, 96,\n 95",
          "score": 0.0024470685
        },
        {
          "color": {
            "blue": 132,
            "green": 118,
            "red": 162
          },
          "hex": "A27684",
          "percent": 6.041823950983135,
          "percentRounded": 6,
          "pixelFraction": 0.05053498,
          "rgb": "162, 118,\n 132",
          "score": 0.047337502
        },
        {
          "color": {
            "blue": 100,
            "green": 198,
            "red": 230
          },
          "hex": "E6C664",
          "percent": 4.166486292091189,
          "percentRounded": 4,
          "pixelFraction": 0.0044444446,
          "rgb": "230, 198,\n 100",
          "score": 0.03264429
        },
        {
          "color": {
            "blue": 80,
            "green": 215,
            "red": 253
          },
          "hex": "FDD750",
          "percent": 3.351256240328794,
          "percentRounded": 3,
          "pixelFraction": 0.0015912208,
          "rgb": "253, 215,\n 80",
          "score": 0.026256988
        }
      ]
    }
  },
  "labelAnnotations": [
    {
      "description": "Cartoon",
      "mid": "/m/0215n",
      "score": 0.8646925,
      "topicality": 0.8646925
    },
    {
      "description": "Organism",
      "mid": "/m/05nnm",
      "score": 0.8634861,
      "topicality": 0.8634861
    },
    {
      "description": "Font",
      "mid": "/m/03gq5hm",
      "score": 0.78767115,
      "topicality": 0.78767115
    },
    {
      "description": "Art",
      "mid": "/m/0jjw",
      "score": 0.7085347,
      "topicality": 0.7085347
    },
    {
      "description": "Event",
      "mid": "/m/081pkj",
      "score": 0.7027228,
      "topicality": 0.7027228
    },
    {
      "description": "Fiction",
      "mid": "/m/02xlf",
      "score": 0.60567373,
      "topicality": 0.60567373
    },
    {
      "description": "Sharing",
      "mid": "/m/06h12k",
      "score": 0.60384,
      "topicality": 0.60384
    },
    {
      "description": "Illustration",
      "mid": "/m/01kr8f",
      "score": 0.5870556,
      "topicality": 0.5870556
    },
    {
      "description": "Animation",
      "mid": "/m/0hcr",
      "score": 0.5840079,
      "topicality": 0.5840079
    },
    {
      "description": "Animated cartoon",
      "mid": "/m/095bb",
      "score": 0.57494026,
      "topicality": 0.57494026
    },
    {
      "description": "Fictional character",
      "mid": "/m/02h7lkt",
      "score": 0.5579504,
      "topicality": 0.5579504
    },
    {
      "description": "Room",
      "mid": "/m/06ht1",
      "score": 0.5409609,
      "topicality": 0.5409609
    },
    {
      "description": "Comics",
      "mid": "/m/012h24",
      "score": 0.5320041,
      "topicality": 0.5320041
    },
    {
      "description": "Graphics",
      "mid": "/m/021sdg",
      "score": 0.52466094,
      "topicality": 0.52466094
    },
    {
      "description": "Rectangle",
      "mid": "/m/0j62f",
      "score": 0.50858355,
      "topicality": 0.50858355
    }
  ],
  "localizedObjectAnnotations": [
    {
      "boundingPoly": {
        "normalizedVertices": [
          {
            "x": 0.3653719,
            "y": 0.88356143
          },
          {
            "x": 0.5778006,
            "y": 0.88356143
          },
          {
            "x": 0.5778006,
            "y": 0.99618715
          },
          {
            "x": 0.3653719,
            "y": 0.99618715
          }
        ]
      },
      "mid": "/m/0jbk",
      "name": "Animal",
      "score": 0.71074283
    },
    {
      "boundingPoly": {
        "normalizedVertices": [
          {
            "x": 0.66053075,
            "y": 0.9288625
          },
          {
            "x": 0.8603341,
            "y": 0.9288625
          },
          {
            "x": 0.8603341,
            "y": 0.9973958
          },
          {
            "x": 0.66053075,
            "y": 0.9973958
          }
        ]
      },
      "mid": "/m/0jbk",
      "name": "Animal",
      "score": 0.6620727
    },
    {
      "boundingPoly": {
        "normalizedVertices": [
          {
            "x": 0.12172845,
            "y": 0.5412016
          },
          {
            "x": 0.31734192,
            "y": 0.5412016
          },
          {
            "x": 0.31734192,
            "y": 0.9376134
          },
          {
            "x": 0.12172845,
            "y": 0.9376134
          }
        ]
      },
      "mid": "/m/0jbk",
      "name": "Animal",
      "score": 0.62127316
    },
    {
      "boundingPoly": {
        "normalizedVertices": [
          {
            "x": 0.9358671,
            "y": 0.8475709
          },
          {
            "x": 0.99669695,
            "y": 0.8475709
          },
          {
            "x": 0.99669695,
            "y": 0.9973958
          },
          {
            "x": 0.9358671,
            "y": 0.9973958
          }
        ]
      },
      "mid": "/m/0jbk",
      "name": "Animal",
      "score": 0.5934533
    },
    {
      "boundingPoly": {
        "normalizedVertices": [
          {
            "x": 0.12610963,
            "y": 0.5459875
          },
          {
            "x": 0.3135717,
            "y": 0.5459875
          },
          {
            "x": 0.3135717,
            "y": 0.93402594
          },
          {
            "x": 0.12610963,
            "y": 0.93402594
          }
        ]
      },
      "mid": "/m/01g317",
      "name": "Person",
      "score": 0.57486033
    }
  ],
  "safeSearchAnnotation": {
    "adult": "VERY_UNLIKELY",
    "medical": "VERY_UNLIKELY",
    "racy": "VERY_UNLIKELY",
    "spoof": "LIKELY",
    "violence": "VERY_UNLIKELY"
  },
  "textAnnotations": [
    {
      "boundingPoly": {
        "vertices": [
          {
            "x": 194,
            "y": 58
          },
          {
            "x": 427,
            "y": 58
          },
          {
            "x": 427,
            "y": 359
          },
          {
            "x": 194,
            "y": 359
          }
        ]
      },
      "description": "Zero is just\na portal\nbetween\npositive\nand negative\nnumbers.\n",
      "locale": "en"
    },
    {
      "boundingPoly": {
        "vertices": [
          {
            "x": 210,
            "y": 58
          },
          {
            "x": 295,
            "y": 60
          },
          {
            "x": 294,
            "y": 99
          },
          {
            "x": 209,
            "y": 97
          }
        ]
      },
      "description": "Zero"
    },
    {
      "boundingPoly": {
        "vertices": [
          {
            "x": 308,
            "y": 61
          },
          {
            "x": 335,
            "y": 62
          },
          {
            "x": 334,
            "y": 101
          },
          {
            "x": 307,
            "y": 100
          }
        ]
      },
      "description": "is"
    },
    {
      "boundingPoly": {
        "vertices": [
          {
            "x": 344,
            "y": 61
          },
          {
            "x": 413,
            "y": 63
          },
          {
            "x": 412,
            "y": 103
          },
          {
            "x": 343,
            "y": 101
          }
        ]
      },
      "description": "just"
    },
    {
      "boundingPoly": {
        "vertices": [
          {
            "x": 240,
            "y": 114
          },
          {
            "x": 259,
            "y": 114
          },
          {
            "x": 259,
            "y": 153
          },
          {
            "x": 240,
            "y": 153
          }
        ]
      },
      "description": "a"
    },
    {
      "boundingPoly": {
        "vertices": [
          {
            "x": 271,
            "y": 113
          },
          {
            "x": 381,
            "y": 114
          },
          {
            "x": 381,
            "y": 154
          },
          {
            "x": 271,
            "y": 153
          }
        ]
      },
      "description": "portal"
    },
    {
      "boundingPoly": {
        "vertices": [
          {
            "x": 231,
            "y": 161
          },
          {
            "x": 388,
            "y": 160
          },
          {
            "x": 388,
            "y": 198
          },
          {
            "x": 231,
            "y": 199
          }
        ]
      },
      "description": "between"
    },
    {
      "boundingPoly": {
        "vertices": [
          {
            "x": 240,
            "y": 215
          },
          {
            "x": 382,
            "y": 215
          },
          {
            "x": 382,
            "y": 263
          },
          {
            "x": 240,
            "y": 263
          }
        ]
      },
      "description": "positive"
    },
    {
      "boundingPoly": {
        "vertices": [
          {
            "x": 195,
            "y": 266
          },
          {
            "x": 261,
            "y": 267
          },
          {
            "x": 260,
            "y": 314
          },
          {
            "x": 194,
            "y": 313
          }
        ]
      },
      "description": "and"
    },
    {
      "boundingPoly": {
        "vertices": [
          {
            "x": 274,
            "y": 268
          },
          {
            "x": 427,
            "y": 271
          },
          {
            "x": 426,
            "y": 318
          },
          {
            "x": 273,
            "y": 315
          }
        ]
      },
      "description": "negative"
    },
    {
      "boundingPoly": {
        "vertices": [
          {
            "x": 226,
            "y": 321
          },
          {
            "x": 389,
            "y": 322
          },
          {
            "x": 389,
            "y": 359
          },
          {
            "x": 226,
            "y": 358
          }
        ]
      },
      "description": "numbers"
    },
    {
      "boundingPoly": {
        "vertices": [
          {
            "x": 388,
            "y": 322
          },
          {
            "x": 396,
            "y": 322
          },
          {
            "x": 396,
            "y": 358
          },
          {
            "x": 388,
            "y": 358
          }
        ]
      },
      "description": "."
    }
  ]
}
